"","ID","ECOLE","STATUT","MALE","AGE","PAR_IMM","MINORITY","SCOLMAX","TRAVAILM","TRAVAILP","PAR_SEP","ADAPT","SRDQ","DOUBLE","AIMES","IMP","AMB","PR_AUTRES","NOTES_FR","NOTES_MATH","EVDISTSEV","EVDISTMOD","SEVER03DICO","SEVER36DICO","SEVER69DICO","SEVER912DICO","MODER203DICO","MODER236DICO","MODER269DICO","MODER2912DICO","LOW203DICO","LOW236DICO","LOW269DICO","LOW2912DICO","CHRONSEVACT"
"367",1,14,1,1,17,0,0,4,1,1,1,0,2.3705,2,1,3,3,3,6,10,0,0,0,0,0,0,0,0,0,0,1,0,0,0,0
"368",2,14,0,0,15,1,0,2,0,1,1,0,-0.4475,1,3,4,6,4,8,13,0,0,1,0,0,0,1,0,0,0,1,1,1,1,1
"369",3,14,1,0,17,1,1,3,1,1,0,0,-1.0855,1,3,4,6,3,7,6,0,0,0,0,0,0,0,0,0,0,1,1,1,1,0
"370",4,14,1,0,17,0,0,4,1,1,0,0,-2.044,2,2,3,6,1,6,6,1,1,1,1,0,0,1,1,0,0,0,1,1,1,0
"371",5,14,1,0,17,1,1,4,1,0,1,0,0.0445000000000011,3,2,3,6,2,6,6,0,1,0,0,1,0,0,0,1,0,1,1,0,0,1
"372",6,14,0,1,16,0,0,3,1,0,0,0,2.6165,3,2,3,6,2,8,7,0,2,1,1,1,0,1,1,1,0,0,1,0,0,0
"373",7,14,0,0,16,0,0,2,1,0,1,1,4.201,2,2,4,6,3,5,1,1,1,0,0,0,1,0,0,0,1,1,1,1,1,0
"374",8,14,0,1,17,1,1,1,1,0,1,1,1.641,3,3,3,4,3,7,6,0,1,0,0,1,0,0,0,1,0,0,1,1,1,1
"375",9,14,0,0,16,0,0,2,1,1,1,0,-2.373,1,4,4,6,3,6,6,0,1,1,0,0,1,1,0,0,1,0,0,0,1,1
"376",10,14,0,1,19,1,0,1,0,1,1,1,2.6165,4,3,3,3,3,7,8,0,0,1,0,0,0,1,0,0,0,0,0,0,1,0
"377",11,14,1,1,18,0,0,4,1,0,1,1,3.5005,3,2,2,3,2,8,9,0,2,0,1,1,0,0,0,1,0,1,0,0,0,1
"378",12,14,0,1,16,0,0,4,1,1,0,0,2.199,2,3,3,3,3,4,7,0,1,1,0,0,1,1,0,0,1,0,1,1,1,0
"379",13,14,1,0,17,0,0,2,0,0,0,0,-0.847999999999999,3,2,2,1,2,8,8,0,1,0,0,1,0,0,0,1,0,1,0,0,1,0
"380",14,14,0,1,16,0,0,1,1,1,0,1,4.401,4,2,3,1,2,9,8,0,0,0,0,0,0,0,0,0,0,1,1,0,1,0
"381",15,14,0,0,18,0,0,4,1,1,1,0,0.1275,1,2,2,5,3,8,6,0,1,0,0,0,1,0,0,0,1,0,1,1,1,1
"382",16,14,0,0,16,0,0,2,0,0,0,1,3.2545,2,3,3,4,2,9,10,1,1,1,1,0,0,1,1,0,0,1,1,1,0,0
"383",17,14,1,0,16,1,1,2,1,0,1,0,0.765500000000001,1,3,3,5,3,8,4,0,1,0,0,1,0,0,0,1,0,1,1,0,0,1
"384",18,14,1,1,18,0,0,3,1,1,1,0,1.166,3,2,3,5,3,7,6,3,0,0,1,1,0,0,0,0,0,1,1,1,1,1
"385",19,14,0,1,17,1,0,4,1,1,0,0,-2.044,1,2,3,4,3,6,10,0,1,0,1,0,0,0,1,0,0,1,1,0,1,0
"386",20,14,1,1,16,1,0,4,1,1,1,1,0.708,2,3,3,4,3,11,6,3,0,1,1,1,0,0,0,0,0,1,1,0,1,1
"387",21,14,1,1,17,0,0,4,1,1,1,1,3.967,4,1,1,3,1,6,2,3,1,1,1,1,1,1,0,1,0,1,1,0,0,1
"388",22,14,0,1,18,1,1,3,1,1,0,0,-0.241999999999999,2,3,4,6,3,7,9,0,0,0,0,0,0,0,0,0,0,1,1,0,0,0
"389",23,14,1,1,15,1,0,4,0,1,1,0,-1.3315,1,2,3,6,4,8,8,1,1,1,0,1,0,1,0,1,0,0,0,0,1,1
"390",24,14,1,1,17,1,0,3,1,0,1,0,-0.734,2,3,4,5,2,8,8,0,0,0,0,0,0,0,0,0,0,1,1,1,1,0
"391",25,14,1,1,17,1,1,4,1,1,1,0,-0.276,1,3,3,6,3,1,7,0,1,0,0,0,1,0,0,0,1,1,1,1,1,1
"392",26,14,1,1,15,1,1,2,1,1,1,0,0.256500000000001,2,3,3,6,3,7,2,1,0,0,0,1,0,0,0,0,0,1,1,1,1,1
"393",27,14,0,1,17,1,1,3,1,1,1,1,1.1915,2,4,3,6,3,9,9,0,1,1,0,1,0,1,0,1,0,1,1,0,1,1
"394",28,14,1,1,15,0,0,2,1,1,1,0,5.492,3,1,2,3,1,6,1,0,1,0,0,1,0,0,0,1,0,1,1,0,1,1
"395",29,14,0,1,16,1,1,2,0,0,0,1,3.329,3,3,4,6,3,7,11,0,2,0,1,1,0,0,1,1,0,1,0,1,0,0
"396",30,14,0,0,16,0,0,1,1,1,0,1,2.496,3,3,4,6,2,7,2,0,0,0,0,0,0,0,0,0,0,1,1,1,1,0
"397",31,14,1,1,16,0,0,4,1,0,1,1,3.034,3,1,1,1,2,4,6,1,1,0,0,1,1,0,0,1,0,1,0,0,1,1
"398",32,14,1,0,15,0,0,3,1,1,1,0,-1.5775,1,3,4,5,3,8,6,1,0,1,0,0,1,1,0,0,0,1,1,1,1,1
"399",33,14,0,1,16,0,0,3,1,1,1,1,2.328,2,2,2,5,2,7,1,2,1,1,1,1,1,0,0,0,1,0,0,1,1,1
"400",34,14,0,0,17,0,0,3,0,0,1,1,4.0415,1,2,3,4,2,7,3,0,5,1,1,1,1,1,1,1,1,1,0,1,0,1
"401",35,15,0,0,18,1,0,1,1,0,1,1,-0.4475,1,3,2,5,4,4,7,0,0,0,0,0,0,0,0,0,0,0,0,0,1,0
"402",36,15,1,1,14,1,0,4,1,1,1,0,1.724,1,1,2,4,2,7,4,0,1,0,1,0,0,0,1,0,0,1,1,0,0,1
"403",37,15,0,1,17,0,0,4,0,1,0,1,1.97,2,1,2,5,2,5,4,1,1,1,0,1,0,1,0,1,0,0,0,1,1,1
"404",38,15,1,1,15,1,0,2,0,0,1,1,2.7625,4,1,2,3,3,4,6,0,1,1,0,1,0,1,0,1,0,1,1,0,1,1
"405",39,15,1,0,16,1,1,2,1,0,0,0,0.6995,3,2,3,4,1,6,1,0,0,0,0,0,0,0,0,0,0,1,1,0,0,1
"406",40,15,0,1,18,0,0,3,0,1,0,0,-1.323,2,2,2,4,3,8,12,1,0,0,1,0,0,0,0,0,0,1,1,1,0,0
"407",41,15,0,1,15,1,0,2,0,0,1,0,3,1,2,4,6,3,8,7,0,1,0,0,1,0,0,0,1,0,1,1,1,1,1
"408",42,15,1,1,16,1,0,2,1,1,1,0,0.691000000000001,2,3,4,5,3,9,7,1,1,1,1,1,0,0,1,0,0,1,1,1,0,1
"409",43,15,0,1,16,0,0,2,1,0,0,1,0.9945,3,2,1,4,3,6,4,0,0,1,0,0,0,1,0,0,0,1,1,1,0,0
"410",44,15,1,1,16,1,0,3,0,1,0,0,-2.044,1,3,4,5,5,10,11,1,0,0,0,0,1,0,0,0,0,1,1,0,1,1
"411",45,15,0,0,16,0,0,1,0,1,0,1,4.476,4,3,4,4,2,6,3,1,0,0,0,0,1,0,0,0,0,1,1,1,1,1
"412",46,15,0,1,17,0,0,2,1,1,1,1,1.495,3,2,3,4,4,9,7,0,0,0,0,0,0,0,0,0,0,1,0,1,0,0
"413",47,15,1,1,18,0,0,2,1,1,1,1,-0.118499999999999,4,3,3,3,2,8,7,0,0,0,0,0,0,0,0,0,0,1,1,1,0,1
"414",48,15,0,0,17,0,0,2,1,1,1,0,0.265000000000001,2,3,4,6,2,7,8,0,0,0,0,0,0,0,0,0,0,1,1,1,0,0
"415",49,15,1,1,17,0,0,4,1,1,1,0,-0.914,1,3,3,5,3,7,8,1,1,1,1,0,0,0,1,0,0,1,1,1,1,0
"416",50,15,0,0,15,1,0,3,1,1,1,1,0.265000000000001,2,2,4,6,3,4,2,0,1,1,0,0,1,1,0,0,1,1,0,0,1,0
"417",51,15,0,0,17,1,0,4,0,1,0,0,-0.464499999999999,1,2,4,5,3,7,9,0,0,0,0,0,0,0,0,0,0,1,1,1,1,0
"418",52,15,1,0,17,1,1,2,0,1,0,0,1.724,2,2,4,3,3,7,6,0,0,0,0,0,0,0,0,0,0,1,0,0,0,0
"419",53,15,0,0,15,0,0,2,1,0,1,1,4.401,2,3,3,4,3,10,7,0,1,0,0,0,1,0,0,0,1,1,1,1,0,0
"420",54,15,1,1,16,0,0,4,0,0,1,0,0.298999999999999,3,2,3,5,2,6,5,0,3,1,0,1,0,1,0,1,0,1,1,0,0,1
"421",55,15,1,1,17,0,0,4,1,1,0,1,-0.0470000000000006,3,3,2,4,3,7,7,2,0,1,0,1,0,0,0,0,0,1,1,1,1,0
"422",56,15,0,0,16,1,1,2,0,1,0,1,2.5995,2,3,4,4,3,10,12,2,0,0,1,1,0,0,0,0,0,1,1,1,0,0
"423",57,15,1,1,17,1,1,1,1,0,1,1,2.788,3,2,1,3,2,7,10,0,1,0,0,1,0,0,0,1,0,1,1,1,0,1
"424",58,15,0,1,17,1,0,4,1,1,1,1,3.5005,4,1,3,4,2,7,2,0,1,0,0,1,0,0,0,1,0,1,1,1,0,0
"425",59,15,0,0,15,1,1,2,0,0,1,0,3.1915,1,3,4,6,3,8,13,0,2,1,1,1,0,1,1,1,0,1,1,0,1,1
"426",60,15,1,0,16,0,0,4,1,1,1,1,-0.3645,2,2,2,4,3,9,8,0,0,0,0,0,0,0,0,0,0,1,1,1,1,1
"427",61,15,0,1,15,0,0,2,1,0,0,1,3.1915,4,2,3,4,1,5,7,1,1,1,0,1,0,1,0,1,0,1,1,1,0,1
"428",62,15,1,1,18,0,0,2,1,1,1,1,0.765500000000001,2,2,4,6,3,6,7,0,0,0,0,0,0,0,0,0,0,1,1,1,0,0
"429",63,15,0,0,18,0,0,2,0,0,0,1,2.5995,1,3,3,3,3,6,8,0,0,1,0,0,0,1,0,0,0,1,0,1,0,0
"430",64,15,0,1,15,1,1,3,1,1,0,1,0.765500000000001,2,3,4,6,3,8,7,1,0,1,0,0,0,1,0,0,0,1,1,1,1,0
"431",65,15,1,1,17,0,0,4,1,1,0,1,2.5335,2,2,3,5,3,6,10,2,0,1,1,0,0,0,0,0,0,1,1,0,0,0
"432",66,15,1,0,18,0,0,2,1,1,1,0,1.3865,1,2,3,6,3,9,8,0,0,0,0,0,0,0,0,0,0,1,1,0,1,0
"433",67,15,1,0,17,0,0,4,1,1,1,0,0.9115,3,3,3,5,3,6,7,0,1,0,1,0,0,0,1,0,0,1,1,1,1,0
"434",68,15,0,0,17,0,0,4,0,1,1,1,1.9445,2,2,4,5,3,8,5,0,0,0,0,0,0,0,0,0,0,1,1,1,1,0
"435",69,15,1,1,17,0,0,4,1,1,1,1,5.777,3,3,2,6,1,2,4,0,1,1,0,1,0,1,0,1,0,0,0,0,0,1
"436",70,15,1,1,16,1,0,4,1,1,1,1,6.1725,1,2,2,4,2,4,4,1,2,1,1,1,0,0,1,1,0,1,1,0,0,1
"437",71,16,1,1,16,0,0,4,1,1,0,0,-0.856499999999999,2,3,3,5,3,11,11,3,0,1,1,1,0,1,0,0,0,1,1,1,0,1
"438",72,16,1,1,16,0,0,3,1,1,0,0,-1.5605,2,3,3,6,3,7,9,0,0,0,0,0,0,0,0,0,0,1,1,0,1,1
"439",73,16,0,1,17,1,1,4,1,1,1,0,-0.693499999999998,1,2,3,6,2,6,3,0,0,0,0,0,0,0,0,0,0,0,0,1,1,0
"440",74,16,0,1,15,0,0,1,1,1,0,1,1.232,4,2,3,5,2,5,8,0,1,0,0,1,0,0,0,1,0,1,1,1,1,1
"441",75,16,0,0,15,1,0,1,1,1,1,1,4.459,3,1,3,6,1,1,1,0,1,0,0,1,0,0,0,1,0,1,1,1,0,0
"442",76,16,1,0,16,1,1,2,0,1,1,1,3.329,4,2,3,5,2,7,7,0,0,0,0,0,0,0,0,0,0,1,0,0,1,1
"443",77,16,1,0,16,0,0,2,1,1,1,0,1.5665,2,2,3,6,2,9,11,2,1,1,1,1,0,1,0,1,0,1,1,0,1,1
"444",78,16,1,0,17,0,0,1,1,0,1,1,-0.3645,2,2,3,5,2,3,2,1,0,1,1,0,0,1,0,0,0,1,1,1,0,1
"445",79,16,1,1,15,0,0,2,0,0,1,0,-1.323,2,2,2,5,3,3,11,1,0,1,0,1,0,0,0,0,0,1,1,0,1,0
"446",80,16,0,0,17,1,1,4,1,1,0,0,-1.815,1,3,3,6,3,8,14,0,2,0,1,0,1,0,1,0,1,1,1,0,1,0
"447",81,16,1,0,16,1,0,2,0,1,1,0,0.92,3,2,3,5,2,8,4,0,0,0,0,0,0,0,0,0,0,1,1,0,1,1
"448",82,16,0,1,14,0,0,2,0,1,1,1,2.1415,3,2,3,4,2,5,2,0,0,0,0,0,0,0,0,0,0,1,1,1,0,1
"449",83,16,0,1,16,1,0,2,1,0,1,0,3.7465,1,4,4,5,2,7,6,0,2,1,1,0,0,1,1,0,0,1,1,1,0,1
"450",84,16,0,0,17,0,0,3,1,1,0,0,-1.586,1,3,4,6,1,8,3,0,0,0,0,0,0,0,0,0,0,0,0,1,0,0
"451",85,16,0,1,15,1,1,2,0,0,0,1,0.0274999999999999,2,2,2,5,3,7,2,0,2,1,0,1,1,0,0,1,1,1,1,1,1,1
"452",86,16,0,0,16,0,0,2,1,0,1,1,4.459,4,2,3,3,2,14,5,0,0,0,0,0,0,0,0,0,0,1,1,1,1,0
"453",87,16,1,1,17,0,0,4,0,1,1,1,5.492,4,2,3,3,4,8,5,3,1,1,0,0,1,1,0,0,0,1,0,1,1,0
"454",88,16,1,0,16,1,0,2,1,0,1,1,1.724,3,1,1,4,3,9,11,0,1,1,0,1,0,1,0,1,0,1,1,0,0,0
"455",89,16,0,0,15,1,0,1,0,0,1,1,1.707,4,1,2,3,2,7,2,0,1,0,0,1,0,0,0,1,0,1,1,1,0,1
"456",90,16,1,0,15,0,0,2,0,0,1,0,2.6335,1,2,4,4,1,5,10,0,1,1,1,0,0,1,1,0,0,1,1,1,0,0
"457",91,16,0,0,17,0,0,2,1,1,1,1,2.328,1,2,3,4,3,7,7,0,0,0,0,0,0,0,0,0,0,1,1,1,1,0
"458",92,16,1,1,17,1,0,2,1,0,1,1,2.8795,3,3,3,3,3,9,11,0,0,0,0,0,0,0,0,0,0,1,1,0,0,0
"459",93,16,1,0,16,0,0,2,1,0,1,1,-1.5605,3,4,4,5,3,6,11,2,0,1,1,1,0,1,0,0,0,1,0,1,0,1
"460",94,16,1,1,15,1,0,3,1,0,1,1,3.967,4,1,1,2,1,4,2,0,2,1,0,1,1,1,0,1,1,1,1,0,0,1
"461",95,16,1,1,17,1,1,4,1,1,0,0,-1.586,1,3,2,5,4,6,8,0,0,0,0,0,0,0,0,0,0,1,1,0,1,0
"462",96,16,0,1,17,1,1,2,0,1,0,1,3.329,3,3,3,3,3,9,10,0,0,0,0,0,0,0,0,0,0,1,0,1,0,0
"463",97,16,1,0,16,1,1,1,0,0,1,1,2.199,3,3,3,3,3,8,10,0,0,0,0,0,0,0,0,0,0,1,1,0,1,1
"464",98,16,0,1,16,1,0,3,1,1,1,0,1.707,4,3,3,5,4,7,7,1,1,1,1,0,0,1,1,0,0,1,1,1,1,0
"465",99,16,0,1,17,1,1,4,1,1,0,0,3.1915,2,1,4,5,1,8,3,1,2,0,1,1,1,0,1,1,0,1,1,1,0,0
"466",100,16,0,0,14,1,0,4,0,1,0,0,1.2405,2,4,4,6,2,1,2,1,2,1,1,1,1,0,1,0,1,1,1,0,0,1
"467",101,17,0,1,16,1,1,2,0,1,1,1,0.545,3,3,4,5,3,6,7,0,0,1,0,0,0,1,0,0,0,1,1,0,1,0
"468",102,17,0,0,15,0,0,2,0,1,0,1,2.591,2,3,4,5,1,6,5,1,0,0,0,0,1,0,0,0,0,1,0,0,0,1
"469",103,17,0,1,15,0,0,2,1,1,1,1,2.8795,3,2,4,6,2,4,5,0,2,0,1,0,0,0,1,0,0,1,1,1,1,1
"470",104,17,1,1,15,0,0,3,1,1,1,1,4.476,3,2,3,6,2,7,7,0,1,1,0,1,0,0,0,1,0,1,1,1,1,1
"471",105,17,0,1,17,0,0,4,1,1,0,0,-0.847999999999999,1,2,3,5,3,10,8,1,1,0,1,0,1,0,0,0,1,1,1,1,1,0
"472",106,17,1,0,15,0,0,4,1,1,1,1,0.765500000000001,2,2,3,6,3,7,7,0,1,1,1,0,0,1,1,0,0,1,1,1,1,1
"473",107,17,0,1,17,1,1,2,0,1,0,1,3.904,3,3,3,4,3,1,7,0,0,0,0,0,0,0,0,0,0,1,0,0,0,0
"474",108,17,0,0,16,1,1,4,1,1,0,0,3.5175,1,3,4,6,2,4,4,1,0,1,0,0,0,1,0,0,0,1,1,0,1,0
"475",109,17,0,0,16,0,0,2,0,0,1,0,0.765500000000001,3,3,4,3,2,8,5,0,4,1,0,1,1,1,0,1,1,1,0,0,0,1
"476",110,17,0,0,16,1,1,3,1,1,1,0,-1.1685,2,3,4,6,4,11,11,0,1,0,1,0,0,0,1,0,0,1,1,1,1,0
"477",111,17,0,0,17,1,1,2,1,1,1,1,1.166,2,3,4,6,3,9,7,0,0,0,0,0,0,0,0,0,0,1,1,1,1,1
"478",112,17,1,1,18,0,0,4,1,1,0,1,2.0755,3,2,1,4,3,9,10,0,1,1,1,0,0,1,1,0,0,0,0,1,0,0
"479",113,17,1,0,17,0,0,4,1,1,1,0,-1.5775,2,3,3,6,3,9,5,0,1,0,0,0,1,0,0,0,1,1,1,1,1,0
"480",114,17,1,1,18,1,1,4,1,1,0,0,-2.5445,3,3,4,5,3,7,8,0,0,0,0,0,0,0,0,0,0,1,1,0,1,0
"481",115,17,1,0,17,0,0,4,1,1,0,1,-2.5275,2,3,4,6,5,12,11,1,0,1,0,0,1,1,0,0,0,0,0,1,1,1
"482",116,17,1,1,17,1,1,4,1,0,0,0,2.674,2,2,3,5,3,7,7,0,2,1,0,0,1,1,0,0,1,1,1,1,0,0
"483",117,17,0,0,15,0,0,3,0,1,0,1,-1.8235,1,3,4,6,3,6,1,0,0,1,0,0,0,0,0,0,0,0,0,1,1,0
"484",118,17,0,0,17,1,1,4,0,1,0,0,-0.847999999999999,1,4,3,6,3,7,8,0,0,1,0,0,0,1,0,0,0,1,1,1,1,0
"485",119,17,1,0,17,0,0,4,1,0,1,0,1.6495,4,3,4,4,2,9,7,1,1,1,1,0,1,1,1,0,0,1,1,0,0,1
"486",120,17,1,0,16,0,0,2,1,1,1,1,3.804,3,3,2,5,3,6,9,2,1,1,1,0,1,1,0,0,1,1,1,1,0,1
"487",121,17,0,1,16,1,1,4,1,1,1,0,-0.456,1,3,3,6,3,7,7,1,1,1,1,1,0,0,1,0,0,1,1,1,1,1
"488",122,17,1,1,16,1,0,4,1,1,0,0,-0.693499999999998,1,2,3,6,3,7,6,0,0,0,0,0,0,0,0,0,0,1,1,0,1,0
"489",123,17,1,1,16,1,1,4,1,1,0,0,1.707,3,3,2,5,3,11,10,1,0,0,0,0,0,0,0,0,0,1,1,1,1,1
"490",124,17,1,0,16,0,0,3,1,1,1,1,-1.323,3,2,4,5,4,10,11,0,0,0,0,0,0,0,0,0,0,1,1,1,0,1
"491",125,17,1,1,17,0,0,4,1,1,0,0,0.708,3,3,2,6,3,8,11,0,2,0,1,0,0,0,1,0,0,0,0,1,0,0
"492",126,17,0,0,16,0,0,2,0,1,0,0,-3.24,1,4,4,6,4,6,4,0,0,0,0,0,0,0,0,0,0,1,0,1,1,0
"493",127,17,1,0,17,0,0,2,1,1,1,0,-0.456,2,2,3,3,2,8,11,0,0,1,0,0,0,1,0,0,0,1,1,0,0,1
"494",128,17,0,0,18,1,1,2,1,0,0,0,-0.635999999999999,3,2,3,6,3,10,5,0,0,0,0,0,0,0,0,0,0,1,1,1,1,0
"495",129,17,0,1,18,1,1,3,1,1,0,0,-0.193,1,1,3,4,3,8,7,1,0,0,0,0,1,0,0,0,0,1,1,1,1,0
"496",130,17,1,0,16,1,0,2,0,1,1,0,2.199,3,1,2,3,2,6,6,0,0,0,0,0,0,0,0,0,0,1,1,1,0,0
"497",131,18,1,0,16,0,0,2,0,1,1,0,-2.044,1,2,4,6,3,8,8,0,4,1,1,0,1,0,1,0,1,1,1,1,1,1
"498",132,18,0,1,16,0,0,2,1,1,0,1,2.771,4,3,3,5,3,6,3,0,2,0,0,1,1,0,0,1,1,1,1,1,1,1
"499",133,18,1,1,15,0,0,4,1,0,1,0,-0.356,2,3,2,1,4,9,10,0,0,0,0,0,0,0,0,0,0,1,1,0,1,1
"500",134,18,1,1,16,0,0,4,1,1,1,1,-0.193,2,2,3,4,3,7,7,0,0,1,0,0,0,0,0,0,0,1,1,0,1,1
"501",135,18,1,0,15,0,0,2,1,1,1,1,2.8795,2,2,3,4,2,7,8,1,0,0,0,0,1,0,0,0,0,1,1,1,1,0
"502",136,18,1,1,15,0,0,4,1,1,0,1,0.2075,3,2,3,4,3,7,6,1,0,0,0,0,1,0,0,0,0,1,1,1,1,1
"503",137,18,0,1,18,0,0,2,1,1,1,1,0.9115,4,3,3,4,4,7,7,0,0,0,0,0,0,0,0,0,0,1,1,0,1,1
"504",138,18,0,1,17,1,1,2,1,0,1,1,1.887,3,3,4,5,3,6,10,0,0,0,0,0,0,0,0,0,0,1,1,1,0,0
"505",139,18,0,0,16,1,1,4,1,0,1,0,3.7005,2,1,3,3,2,7,1,2,0,0,1,1,0,0,0,0,0,1,1,1,1,1
"506",140,18,0,1,17,0,0,4,1,1,0,0,1.6835,3,2,3,4,2,7,7,0,0,0,0,0,0,0,0,0,0,0,0,0,1,0
"507",141,18,0,1,16,1,1,3,1,1,0,1,0.0359999999999996,1,4,3,5,5,6,6,0,0,0,0,0,0,0,0,0,0,0,1,0,1,0
"508",142,18,0,1,17,1,1,2,0,1,0,1,1.149,3,3,3,5,2,2,5,0,0,0,0,0,0,0,0,0,0,1,1,0,1,0
"509",143,18,1,1,18,0,0,4,1,1,1,0,0.398999999999999,3,1,3,4,2,8,5,0,0,0,0,0,0,0,0,0,0,1,1,1,1,0
"510",144,18,1,1,18,0,0,3,1,0,1,1,6.868,1,1,1,3,2,4,4,0,2,0,0,1,0,0,0,1,0,1,1,1,1,1
"511",145,18,0,1,15,0,0,4,1,0,0,0,-0.201499999999999,1,2,2,5,3,7,14,0,0,1,0,0,0,1,0,0,0,0,1,1,1,1
"512",146,18,1,0,17,1,0,2,0,1,1,0,2.8625,2,2,3,5,3,7,8,0,1,1,0,1,0,1,0,1,0,1,1,0,0,1
"513",147,18,1,0,16,0,0,2,1,0,1,0,2.428,1,3,3,5,3,7,6,1,1,1,1,0,1,1,0,0,1,1,1,1,0,1
"514",148,18,0,0,17,1,0,4,1,1,1,1,0.585500000000001,4,2,4,6,2,3,1,0,1,1,0,1,0,1,0,1,0,1,1,1,0,0
"515",149,18,1,1,18,1,1,1,1,0,0,0,2.591,2,1,1,1,1,6,14,1,1,0,1,1,0,0,0,1,0,1,1,1,0,1
"516",150,18,0,0,14,0,0,1,1,1,1,1,1.2405,4,2,4,5,3,9,1,1,0,0,0,0,1,0,0,0,0,1,1,1,1,1
"517",151,18,0,0,16,0,0,2,0,0,0,1,2.428,3,3,4,5,2,10,7,0,1,0,0,0,1,0,0,0,1,1,1,1,0,0
"518",152,18,1,0,15,0,0,3,1,1,1,1,0.2075,3,3,3,6,3,9,7,0,1,1,1,0,0,1,1,0,0,1,1,0,0,1
"519",153,18,1,1,18,1,0,4,1,1,1,1,2.8625,2,2,2,3,3,12,8,0,0,0,0,0,0,0,0,0,0,1,1,1,1,1
"520",154,18,1,0,18,0,0,2,0,0,0,0,-0.693499999999998,1,2,3,3,3,10,10,0,0,0,0,0,0,0,0,0,0,1,1,0,1,0
"521",155,18,0,1,16,0,0,2,1,1,1,1,3.787,3,1,2,4,2,8,5,0,1,0,0,1,0,0,0,1,0,1,1,1,1,1
"522",156,18,1,1,16,1,0,2,0,0,1,1,1.5035,2,2,1,1,1,6,5,0,0,0,0,0,0,0,0,0,0,1,1,0,0,1
"523",157,18,0,1,17,0,0,3,1,1,0,0,-0.3645,4,2,4,6,3,9,7,0,1,0,0,1,0,0,0,1,0,1,1,1,1,0
"524",158,18,0,1,14,1,0,2,1,0,1,1,1.461,2,1,2,1,3,9,2,0,1,0,0,1,0,0,0,1,0,1,0,1,0,0
"525",159,18,1,0,14,1,1,2,1,0,1,0,2.674,3,1,3,4,1,6,5,0,1,0,0,1,0,0,0,1,0,1,1,1,0,1
"526",160,18,0,0,18,0,0,2,0,1,0,0,3.5205,1,2,3,4,3,7,11,1,0,0,0,0,1,0,0,0,0,1,1,0,1,0
"527",161,19,1,0,18,0,0,2,1,1,0,1,1.5665,2,3,3,5,3,7,7,0,0,0,0,0,0,0,0,0,0,0,1,1,1,0
"528",162,19,0,1,16,1,0,4,1,1,0,0,-1.8235,1,3,4,6,5,6,6,1,0,1,0,1,0,0,0,0,0,1,1,0,1,1
"529",163,19,0,1,17,0,0,3,1,1,0,0,3.1085,1,2,2,4,2,6,2,0,0,0,0,0,0,0,0,0,0,0,1,1,1,0
"530",164,19,0,1,16,1,0,4,1,1,0,0,2.116,2,2,3,6,2,8,3,1,1,0,0,1,0,0,0,1,0,1,1,1,1,0
"531",165,19,1,1,18,1,0,4,1,0,1,1,-1.3315,4,2,3,3,3,8,1,0,0,0,0,0,0,0,0,0,0,1,1,1,1,0
"532",166,19,0,1,18,0,0,1,1,0,0,1,2.133,2,3,3,3,3,7,11,1,0,0,1,0,0,0,0,0,0,1,1,1,1,0
"533",167,19,1,0,16,1,0,4,1,1,0,0,2.5365,1,2,4,5,2,4,1,0,0,0,0,0,0,0,0,0,0,1,1,1,1,0
"534",168,19,1,1,17,1,1,4,1,0,0,0,1.5665,1,2,4,5,1,1,4,0,1,1,1,0,0,1,1,0,0,1,1,0,0,0
"535",169,19,0,0,18,0,0,3,0,0,0,1,0.7805,3,3,3,5,3,9,10,0,0,0,0,0,0,0,0,0,0,1,1,0,0,1
"536",170,19,1,1,16,1,0,4,1,1,1,1,3.1915,4,1,2,1,2,6,4,1,1,0,1,0,1,0,0,0,1,1,1,0,1,1
"537",171,19,0,0,17,0,0,4,1,1,0,0,0.256500000000001,3,2,3,3,2,5,3,0,2,0,1,0,0,0,1,0,0,1,1,1,1,0
"538",172,19,1,0,18,0,0,3,0,0,0,0,4.2385,2,2,4,4,1,4,8,2,0,0,0,0,1,0,0,0,0,1,1,1,1,0
"539",173,19,1,1,17,0,0,2,1,1,1,1,-0.847999999999999,2,1,1,4,3,9,7,1,2,0,1,1,1,0,0,1,1,1,1,1,0,1
"540",174,19,1,1,16,1,0,2,1,1,1,0,1.363,1,3,2,4,3,6,6,0,6,1,1,1,0,0,1,1,1,1,1,1,0,1
"541",175,19,0,1,15,1,0,1,1,1,1,1,2.328,2,3,3,5,3,7,7,1,0,1,0,1,0,0,0,0,0,0,1,0,1,0
"542",176,19,0,0,16,1,0,2,1,1,1,1,-1.798,1,3,4,5,3,7,7,1,0,1,0,0,1,1,0,0,0,1,1,1,1,1
"543",177,19,1,1,15,0,0,3,1,0,1,1,3,2,2,1,3,3,8,3,0,1,1,0,1,0,1,0,1,0,1,0,1,0,1
"544",178,19,0,1,17,1,1,4,1,1,0,0,-1.8235,2,3,4,6,3,8,9,0,0,0,0,0,0,0,0,0,0,1,1,1,0,0
"545",179,19,1,1,18,1,0,3,0,1,0,1,0.928500000000001,3,3,2,4,3,6,5,1,0,0,1,0,0,0,0,0,0,1,1,1,1,1
"546",180,19,1,0,18,0,0,1,0,0,1,1,4.2555,4,2,3,1,2,8,7,0,0,1,0,0,0,1,0,0,0,1,1,0,0,0
"547",181,19,0,0,15,1,0,3,1,1,1,1,-0.1525,1,3,3,6,3,2,2,1,2,1,1,1,1,0,0,1,1,1,1,0,0,1
"548",182,19,1,1,17,0,0,3,0,1,0,0,2.7625,4,2,3,3,2,4,6,0,2,1,1,0,1,1,1,0,1,1,1,1,0,0
"549",183,19,0,0,17,0,0,3,1,0,0,1,0.528,2,3,4,4,3,9,9,1,0,1,0,0,1,1,0,0,0,0,1,1,1,0
"550",184,19,0,1,17,0,0,3,1,1,1,1,1.707,3,2,2,4,2,5,7,0,2,0,0,1,0,0,0,1,0,1,0,1,1,1
"551",185,19,1,0,16,1,0,2,1,0,1,1,3.575,3,3,2,5,1,6,1,0,1,0,0,1,0,0,0,1,0,1,1,1,0,1
"552",186,19,1,0,16,1,0,1,0,0,1,0,1.69,2,2,3,3,3,9,7,0,0,0,0,0,0,0,0,0,0,1,1,1,0,0
"553",187,19,0,1,16,0,0,4,1,1,0,1,0.674000000000001,2,1,2,4,2,4,1,0,0,0,0,0,0,0,0,0,0,0,0,1,1,0
"554",188,19,0,1,16,1,1,2,1,1,1,1,3.1085,3,4,4,6,2,7,2,0,0,0,0,0,0,0,0,0,0,0,0,1,1,1
"555",189,19,0,0,16,0,0,2,1,1,1,1,2.5335,4,2,3,4,2,1,1,0,2,1,1,1,0,1,1,1,0,1,1,1,1,0
"556",190,19,1,0,16,1,0,2,0,0,0,1,1.3065,2,2,3,4,3,8,9,0,0,0,0,0,0,0,0,0,0,1,0,0,0,0
"557",191,20,1,1,17,1,1,1,1,1,1,0,0.5025,1,3,3,6,2,3,5,0,0,0,0,0,0,0,0,0,0,1,1,1,1,1
"558",192,20,1,0,17,0,0,1,1,1,1,1,-0.635999999999999,2,3,3,6,3,8,6,0,0,1,0,0,0,1,0,0,0,1,1,0,1,0
"559",193,20,0,1,16,0,0,3,1,1,1,1,1.8955,2,2,2,5,3,8,6,0,1,1,1,0,0,1,1,0,0,0,1,1,1,0
"560",194,20,1,1,16,0,0,1,1,1,0,0,1.232,3,2,4,4,2,8,1,0,1,0,0,0,1,0,0,0,1,1,1,1,1,1
"561",195,20,1,1,17,0,0,4,1,1,0,0,0.1105,2,2,3,4,3,3,4,0,0,0,0,0,0,0,0,0,0,0,1,1,1,0
"562",196,20,0,0,17,1,0,4,1,1,0,0,-0.241999999999999,1,3,4,6,3,9,6,0,1,0,1,0,0,0,1,0,0,1,1,0,1,0
"563",197,20,0,1,17,0,0,1,1,0,1,1,2.3705,3,2,1,3,3,11,11,0,0,1,0,0,0,1,0,0,0,1,1,1,1,0
"564",198,20,1,1,17,0,0,4,1,0,1,1,3.5205,3,3,1,3,3,8,4,1,0,1,0,0,0,1,0,0,0,1,1,0,1,0
"565",199,20,1,1,17,1,0,3,1,1,1,0,2.5335,2,1,2,4,2,5,2,0,2,0,0,1,1,0,0,1,1,1,1,1,0,0
"566",200,20,0,1,16,0,0,4,1,1,0,0,-1.815,1,3,3,4,4,7,3,0,0,1,0,0,0,1,0,0,0,0,0,1,1,0
"567",201,20,1,0,15,0,0,4,1,1,0,0,-2.765,1,3,3,5,2,8,14,1,0,1,0,0,1,1,0,0,0,1,1,1,1,1
"568",202,20,0,1,16,0,0,2,1,1,0,1,2.182,3,2,3,3,2,8,2,1,1,1,0,1,1,1,0,1,0,1,1,1,0,1
"569",203,20,0,1,15,0,0,3,1,1,1,0,3.7955,2,2,3,4,2,4,8,0,0,0,0,0,0,0,0,0,0,1,1,1,1,0
"570",204,20,1,1,16,1,1,4,1,1,0,0,-1.0855,1,3,4,6,3,7,5,0,0,0,0,0,0,0,0,0,0,0,1,0,1,1
"571",205,20,0,1,18,1,1,2,0,1,0,1,3.3055,1,3,4,4,4,6,10,2,0,0,1,1,0,0,0,0,0,1,1,1,1,1
"572",206,20,1,0,17,0,0,2,1,1,1,0,-0.193,3,3,4,6,3,7,8,1,0,0,0,1,0,0,0,0,0,1,1,1,1,1
"573",207,20,0,1,15,0,0,4,1,1,1,0,5.085,3,3,4,5,2,7,4,0,0,0,0,0,0,0,0,0,0,1,1,0,1,1
"574",208,20,1,0,17,1,1,2,1,1,1,1,2.9115,4,2,3,4,2,6,7,0,0,0,0,0,0,0,0,0,0,1,1,0,0,1
"575",209,20,1,1,17,1,1,4,1,1,1,0,-1.1025,1,2,3,6,3,10,5,3,0,1,1,0,1,1,0,0,0,1,1,0,1,1
"576",210,20,0,0,17,1,1,1,0,0,1,0,1.7495,1,4,3,6,3,9,9,0,3,0,0,1,0,0,0,1,0,1,0,1,0,1
"577",211,20,0,0,15,1,0,2,0,1,0,1,3.7005,4,2,3,3,1,7,6,0,0,0,0,0,0,0,0,0,0,1,1,0,0,1
"578",212,20,0,1,16,1,0,2,0,0,1,1,3.0455,3,1,2,3,3,3,5,0,0,0,0,0,0,0,0,0,0,0,0,1,0,0
"579",213,20,0,1,18,1,1,3,0,1,0,0,-1.8065,2,2,4,6,4,11,6,0,1,0,1,0,0,0,1,0,0,0,0,1,1,0
"580",214,20,1,0,17,0,0,4,1,1,0,0,-0.1845,3,2,4,6,3,7,6,0,2,1,0,0,1,1,0,0,1,1,1,1,1,1
"581",215,20,0,0,17,0,0,2,1,0,0,0,0.9945,2,3,3,5,3,6,3,0,1,1,0,0,1,1,0,0,1,0,0,0,0,1
"582",216,20,0,0,16,1,0,4,1,1,1,1,1.97,3,3,3,3,3,12,7,0,1,1,1,0,0,1,1,0,0,1,1,0,0,0
"583",217,20,1,1,17,0,0,2,1,0,0,0,4.296,2,2,3,4,2,6,4,0,2,0,0,0,1,0,0,0,1,1,1,1,1,1
"584",218,20,1,0,18,0,0,1,1,1,1,1,1.478,4,1,3,1,3,11,13,0,0,1,0,0,0,1,0,0,0,1,0,0,0,0
"585",219,20,0,0,15,1,0,4,1,1,1,1,1.724,2,3,4,6,2,9,1,3,2,0,1,1,1,0,0,0,1,1,1,1,1,1
"586",220,20,1,1,16,1,1,4,1,1,0,1,0.0274999999999999,2,2,2,4,2,9,11,1,1,1,0,1,0,0,0,1,0,0,1,1,1,1
"587",221,21,0,0,17,0,0,2,0,0,1,0,2.5365,2,2,4,6,2,8,4,1,5,1,1,1,1,0,1,1,1,1,1,1,1,1
"588",222,21,0,1,16,1,0,3,1,1,1,1,0.928500000000001,2,2,3,4,3,7,6,0,0,1,0,0,0,1,0,0,0,0,1,1,0,0
"589",223,21,0,1,16,0,0,2,0,1,0,0,1.707,2,2,3,6,2,1,6,3,1,0,1,1,1,0,0,0,1,1,1,1,1,1
"590",224,21,1,1,16,1,1,4,1,1,1,1,1.1915,3,1,2,5,3,6,4,0,0,0,0,0,0,0,0,0,0,1,1,1,1,1
"591",225,21,0,1,16,0,0,2,1,1,1,1,3.1915,3,2,1,3,3,7,13,0,1,0,1,0,0,0,1,0,0,1,1,1,0,1
"592",226,21,0,0,15,0,0,2,0,1,0,1,0.7995,3,2,3,4,1,1,5,0,2,1,0,0,1,1,0,0,1,1,1,1,1,1
"593",227,21,1,1,16,1,0,4,1,0,1,1,2.445,2,2,2,4,3,6,4,1,0,1,0,1,0,0,0,0,0,1,0,1,0,1
"594",228,21,0,1,17,1,0,3,1,1,0,1,-1.8065,2,3,3,4,5,9,5,0,0,0,0,0,0,0,0,0,0,1,0,1,1,0
"595",229,21,1,1,17,0,0,1,1,0,1,1,4.401,3,3,4,3,1,1,4,0,0,0,0,0,0,0,0,0,0,0,1,1,0,0
"596",230,21,1,1,16,0,0,4,1,1,1,0,1.2405,2,1,2,3,2,8,3,0,0,0,0,0,0,0,0,0,0,0,1,1,0,0
"597",231,21,1,1,15,0,0,3,1,1,1,1,2.788,3,1,2,4,2,1,5,1,4,1,1,1,1,0,1,1,1,1,1,1,1,1
"598",232,21,1,0,16,0,0,2,0,1,1,0,0.765500000000001,2,3,4,6,1,4,1,0,5,0,1,1,1,0,1,1,1,1,1,1,0,1
"599",233,21,0,0,15,1,1,4,1,1,0,0,-1.8235,1,3,4,6,4,9,4,0,0,0,0,0,0,0,0,0,0,1,1,1,1,1
"600",234,21,1,0,16,1,0,2,1,1,1,1,-1.0855,1,3,4,5,5,11,6,0,0,1,0,0,0,0,0,0,0,1,1,1,0,0
"601",235,21,1,0,16,1,1,4,0,1,1,1,-1.5775,3,3,3,6,3,8,9,1,0,0,0,1,0,0,0,0,0,1,0,1,1,1
"602",236,21,0,0,17,0,0,1,1,1,1,0,0.9945,1,3,3,6,3,6,8,0,0,0,0,0,0,0,0,0,0,1,1,1,1,0
"603",237,21,1,1,16,1,0,2,0,0,1,0,4.8965,1,1,3,4,2,6,7,0,0,0,0,0,0,0,0,0,0,1,1,0,0,1
"604",238,21,1,0,17,0,0,4,1,1,1,0,-1.5775,1,2,3,6,4,10,8,0,0,1,0,0,0,1,0,0,0,1,1,1,1,1
"605",239,21,0,1,16,1,1,3,1,1,0,0,-1.798,1,3,4,6,3,9,6,0,1,1,1,0,0,0,1,0,0,1,1,1,1,0
"606",240,21,0,0,18,0,0,2,0,1,0,1,1.4525,3,3,4,4,3,4,4,1,1,0,1,0,1,0,1,0,0,1,1,1,0,0
"607",241,21,1,0,17,0,0,1,0,1,1,0,-1.0855,4,2,4,5,3,11,13,0,1,0,1,0,0,0,1,0,0,1,1,1,1,1
"608",242,21,1,1,16,0,0,2,1,1,1,0,2.788,3,1,4,5,3,7,11,0,3,1,0,1,1,1,0,1,1,1,1,0,1,1
"609",243,21,0,0,15,0,0,2,1,1,1,1,1.215,2,2,3,4,2,6,4,0,0,0,0,0,0,0,0,0,0,1,1,1,1,0
"610",244,21,0,0,18,0,0,4,1,1,1,0,-0.201499999999999,2,2,2,3,3,6,10,0,1,0,1,0,0,0,1,0,0,0,0,1,1,0
"611",245,21,0,1,16,1,1,3,1,1,1,0,-1.3315,2,2,3,5,3,6,1,1,0,1,0,1,0,1,0,0,0,1,1,0,1,0
"612",246,21,1,1,17,0,0,3,1,0,0,0,1.183,2,1,2,2,2,6,6,1,0,1,0,0,0,1,0,0,0,0,0,1,0,1
"613",247,21,0,0,16,0,0,1,1,0,1,1,2.362,1,3,3,4,3,6,12,2,4,1,1,1,1,1,1,1,1,1,1,1,1,0
"614",248,21,1,1,16,1,1,3,1,1,0,0,0.5365,1,3,2,5,3,3,1,1,0,1,0,1,0,1,0,0,0,1,1,0,0,1
"615",249,21,1,1,16,1,1,4,1,1,1,1,3.034,3,2,4,5,2,1,3,1,1,1,0,1,1,1,0,1,0,1,1,0,0,1
"616",250,21,0,1,18,0,0,3,1,1,1,0,-1.3485,1,3,3,5,4,6,5,0,2,1,1,0,0,1,1,0,0,1,1,0,0,0
"617",251,22,1,1,15,0,0,4,1,1,1,0,0.9945,2,2,3,6,2,2,1,1,1,1,1,0,0,1,1,0,0,1,1,1,0,0
"618",252,22,0,0,15,0,0,2,1,1,1,0,1.9125,2,2,2,5,2,6,3,0,2,0,0,1,1,0,0,1,1,1,1,1,0,1
"619",253,22,0,0,16,0,0,1,1,0,1,1,1.3865,4,3,3,4,3,6,5,3,1,1,1,1,1,1,0,0,1,1,0,1,0,0
"620",254,22,1,0,17,1,1,4,1,1,0,0,0.0359999999999996,2,3,4,6,2,9,6,0,0,0,0,0,0,0,0,0,0,1,1,1,1,0
"621",255,22,1,1,16,0,0,4,1,1,1,1,0.6995,3,3,3,6,3,7,8,0,1,1,0,1,0,0,0,1,0,1,1,0,1,1
"622",256,22,0,1,17,1,1,4,0,0,1,0,-0.6275,1,2,2,3,3,8,11,0,1,1,0,1,0,0,0,1,0,1,1,1,1,0
"623",257,22,0,1,16,0,0,4,1,1,0,0,-1.1025,1,3,3,6,3,4,7,0,0,0,0,0,0,0,0,0,0,0,0,0,1,0
"624",258,22,0,1,15,1,1,2,1,1,1,0,-0.0470000000000006,1,3,4,6,3,6,6,0,0,0,0,0,0,0,0,0,0,1,1,1,1,0
"625",259,22,1,0,18,1,0,1,0,0,1,1,2.199,3,3,4,3,3,9,11,0,0,1,0,0,0,1,0,0,0,1,1,0,1,1
"626",260,22,0,0,18,0,0,4,1,1,0,0,-1.1025,1,3,4,4,4,10,10,1,0,0,0,0,1,0,0,0,0,1,1,1,1,0
"627",261,22,1,1,16,0,0,3,1,1,1,0,-1.0855,1,1,2,3,1,7,3,0,0,1,0,0,0,0,0,0,0,0,1,0,1,1
"628",262,22,0,1,16,1,0,4,1,1,1,1,2.479,2,1,2,4,3,3,4,0,1,0,0,0,1,0,0,0,1,1,1,1,1,0
"629",263,22,1,1,18,1,0,4,1,1,0,0,0.365,2,2,2,3,3,6,7,0,0,0,0,0,0,0,0,0,0,1,0,0,0,0
"630",264,22,0,0,17,1,0,2,1,1,1,1,3.1915,3,2,2,1,3,9,4,1,2,0,1,1,1,0,1,0,1,0,1,1,1,1
"631",265,22,0,0,16,0,0,2,0,1,0,0,0.5365,3,2,4,5,1,6,4,0,1,0,1,0,0,0,1,0,0,1,1,1,0,0
"632",266,22,0,0,17,0,0,2,0,1,0,1,-3.24,2,3,3,4,3,9,10,1,0,0,0,0,1,0,0,0,0,1,0,0,1,0
"633",267,22,1,1,17,1,0,3,0,1,1,0,0.1105,1,2,3,4,3,8,3,0,0,0,0,0,0,0,0,0,0,1,1,1,1,0
"634",268,22,1,0,15,1,0,1,1,1,1,1,2.6995,3,2,3,4,2,4,3,0,1,1,0,1,0,0,0,1,0,1,1,1,0,1
"635",269,22,0,0,18,0,0,2,0,1,1,1,1.461,2,3,4,5,3,7,8,0,0,1,0,0,0,1,0,0,0,1,1,1,1,1
"636",270,22,1,0,17,0,0,3,1,1,0,0,0.1105,2,3,3,6,3,8,8,0,0,1,0,0,0,0,0,0,0,1,1,1,0,0
"637",271,22,0,1,17,0,0,3,1,1,1,1,2.199,1,3,2,4,3,8,6,0,0,1,0,0,0,1,0,0,0,1,1,0,1,0
"638",272,22,1,1,18,0,0,2,0,1,1,0,-0.693499999999998,4,4,3,4,3,9,5,0,0,0,0,0,0,0,0,0,0,1,1,1,1,1
"639",273,22,1,1,16,0,0,2,1,1,1,1,-0.0129999999999999,4,2,4,4,3,9,8,1,0,0,0,1,0,0,0,0,0,1,1,1,0,1
"640",274,22,1,1,15,0,0,4,0,0,0,1,3.7465,3,1,2,1,1,1,2,2,3,1,1,1,1,0,0,1,1,1,0,1,1,1
"641",275,22,1,0,15,0,0,4,1,1,1,1,3.034,2,1,3,3,2,12,7,1,0,0,0,0,1,0,0,0,0,1,1,1,1,1
"642",276,22,0,0,15,0,0,3,1,0,1,0,4.459,2,2,2,3,1,6,7,1,5,1,1,1,1,0,1,1,1,1,1,1,0,1
"643",277,22,1,1,18,0,0,2,1,1,1,1,5.531,4,1,2,3,1,8,8,0,0,0,0,0,0,0,0,0,0,1,1,1,1,0
"644",278,22,1,1,16,1,0,4,0,1,0,0,-0.856499999999999,2,4,2,3,3,8,3,2,0,1,0,0,1,1,0,0,0,1,1,0,0,1
"645",279,22,0,0,17,0,0,3,0,1,1,0,0.9115,3,2,3,5,2,10,10,1,1,0,1,0,0,0,1,0,0,1,1,1,1,0
"646",280,22,0,1,17,1,1,4,1,1,0,1,0.74,4,3,2,3,2,3,7,3,0,0,1,1,0,0,0,0,0,1,1,1,1,0
"647",281,23,0,1,16,0,0,3,1,1,1,1,-1.16,4,2,1,1,3,7,7,0,1,1,0,1,0,1,0,1,0,1,0,0,1,1
"648",282,23,0,1,16,1,0,4,1,1,1,0,-0.734,2,2,3,5,2,4,2,0,0,0,0,0,0,0,0,0,0,0,1,0,1,0
"649",283,23,0,1,18,0,0,3,1,1,1,1,1.495,3,2,3,3,3,8,6,0,0,1,0,0,0,1,0,0,0,0,0,0,1,1
"650",284,23,1,1,17,0,0,2,1,0,0,0,-0.193,3,3,2,4,3,5,8,0,1,1,0,1,0,1,0,1,0,1,1,1,0,1
"651",285,23,0,0,18,1,0,2,0,0,0,0,1.841,2,3,4,5,3,6,9,0,0,0,0,0,0,0,0,0,0,1,0,0,0,0
"652",286,23,1,0,16,0,0,2,1,1,1,0,3.0455,2,2,3,4,2,7,8,3,0,1,1,0,1,1,0,0,0,1,1,1,1,1
"653",287,23,1,1,17,0,0,2,1,1,0,1,1.2235,3,2,2,5,3,6,9,0,3,1,0,1,1,1,0,1,1,1,1,1,1,1
"654",288,23,0,1,16,0,0,2,0,1,0,1,1.3065,2,3,4,5,3,13,11,0,0,1,0,0,0,0,0,0,0,1,1,1,1,0
"655",289,23,0,0,16,0,0,2,1,1,0,1,1.5665,4,2,2,4,1,6,4,0,1,0,0,0,1,0,0,0,1,0,1,1,1,0
"656",290,23,0,0,16,1,0,4,0,1,0,0,0.2075,2,2,3,3,3,9,8,0,1,0,1,0,0,0,1,0,0,1,1,0,0,0
"657",291,23,0,0,17,0,0,4,0,0,0,1,2.2245,2,3,3,4,3,8,11,1,0,1,0,0,0,0,0,0,0,1,0,0,1,0
"658",292,23,0,1,16,0,0,4,1,1,1,0,1.395,2,1,1,4,2,2,2,2,1,0,1,1,1,0,0,0,1,1,0,1,1,1
"659",293,23,1,1,17,0,0,4,1,1,1,1,0.9945,3,1,3,4,2,7,5,0,2,0,1,1,0,0,1,1,0,1,0,1,0,1
"660",294,23,0,1,18,0,0,3,1,1,0,0,-0.276,2,3,3,5,3,8,11,0,0,0,0,0,0,0,0,0,0,0,0,1,1,0
"661",295,23,1,1,15,0,0,2,1,1,1,1,4.0125,2,2,2,3,2,7,4,1,1,1,1,1,0,1,1,0,0,1,1,1,0,1
"662",296,23,1,1,18,1,0,4,0,0,0,0,0.674000000000001,3,2,3,4,3,2,8,0,0,0,0,0,0,0,0,0,0,1,1,1,0,0
"663",297,23,1,0,17,0,0,4,1,1,1,0,-1.1685,1,1,4,6,2,6,4,0,0,0,0,0,0,0,0,0,0,0,0,1,1,0
"664",298,23,1,0,16,1,0,2,1,0,1,0,3.034,1,2,3,6,3,6,7,0,0,0,0,0,0,0,0,0,0,1,1,1,1,0
"665",299,23,1,0,15,0,0,2,0,1,1,0,2.0755,1,2,4,5,2,7,6,0,1,1,1,0,0,0,1,0,0,1,0,1,1,0
"666",300,23,1,0,16,0,0,2,1,0,0,1,2.591,3,2,3,5,2,8,7,1,0,0,0,0,1,0,0,0,0,0,1,0,1,0
"667",301,23,1,1,17,0,0,2,1,1,1,1,1.495,4,1,2,4,1,4,8,0,1,1,0,1,0,1,0,1,0,1,0,0,0,1
"668",302,23,0,0,17,0,0,2,1,1,0,0,-2.765,1,3,3,6,5,11,1,0,0,1,0,0,0,0,0,0,0,1,1,1,1,0
"669",303,23,0,1,15,0,0,3,0,1,0,0,-1.3485,1,2,3,4,3,7,7,1,1,1,1,0,0,1,1,0,0,1,1,1,1,0
"670",304,23,0,0,15,0,0,2,0,1,1,1,3.5005,3,2,3,3,2,3,1,1,2,0,1,1,0,0,1,1,0,1,1,1,1,0
"671",305,23,1,1,15,1,1,4,0,0,0,0,-0.464499999999999,1,1,4,4,3,7,6,1,0,0,0,0,1,0,0,0,0,1,1,1,1,1
"672",306,23,0,1,15,0,0,1,1,1,1,1,-0.914,4,2,2,4,4,6,2,1,2,1,1,1,1,0,1,0,1,1,1,1,1,1
"673",307,23,1,1,19,0,0,4,1,1,1,0,1.0605,2,1,2,1,2,6,9,0,0,0,0,0,0,0,0,0,0,0,1,1,0,1
"674",308,23,1,1,18,0,0,4,1,1,1,1,3,3,3,2,3,3,8,7,0,0,0,0,0,0,0,0,0,0,1,1,1,0,1
"675",309,23,0,1,16,1,1,4,1,1,0,0,0.5025,1,2,3,6,3,6,4,0,0,0,0,0,0,0,0,0,0,0,1,0,1,1
"676",310,23,1,0,17,0,0,2,0,0,0,1,-0.856499999999999,2,3,3,4,3,9,13,0,0,0,0,0,0,0,0,0,0,1,1,1,1,0
"677",311,24,1,1,17,1,0,4,1,1,0,0,-0.0129999999999999,1,1,3,3,3,8,6,1,0,1,0,0,0,0,0,0,0,1,1,1,1,1
"678",312,24,1,0,16,1,1,4,0,0,1,0,-1.0855,2,3,3,6,3,8,3,0,1,0,0,0,1,0,0,0,1,1,0,1,1,1
"679",313,24,0,1,17,0,0,2,1,1,1,1,3,4,3,4,4,1,7,5,0,0,0,0,0,0,0,0,0,0,1,1,0,1,1
"680",314,24,0,0,16,1,1,4,0,1,0,0,-1.798,1,3,4,6,3,4,4,0,0,0,0,0,0,0,0,0,0,0,0,1,1,0
"681",315,24,1,1,18,0,0,3,1,1,0,0,3.5205,4,1,3,4,2,7,10,0,1,1,1,0,0,1,1,0,0,1,1,1,0,1
"682",316,24,0,1,17,1,1,2,1,1,1,1,0.2075,2,4,4,6,3,9,3,0,0,0,0,0,0,0,0,0,0,1,1,1,1,0
"683",317,24,0,1,16,1,0,4,1,1,1,0,-0.201499999999999,2,3,3,5,3,6,5,0,0,1,0,0,0,1,0,0,0,1,1,1,1,1
"684",318,24,0,1,17,0,0,2,0,0,0,0,3.8125,2,3,4,5,3,6,4,0,2,0,0,0,1,0,0,0,1,1,1,1,1,0
"685",319,24,0,0,18,0,0,2,1,1,0,1,4.0295,4,2,3,4,1,1,4,2,2,0,0,1,1,0,0,1,0,0,1,1,1,1
"686",320,24,0,1,18,1,1,4,1,1,0,0,2.182,2,3,3,6,2,6,8,0,0,0,0,0,0,0,0,0,0,0,1,0,1,0
"687",321,24,0,1,17,0,0,2,0,1,0,0,1.003,2,3,4,4,3,7,5,0,1,1,0,0,1,0,0,0,1,1,1,1,1,1
"688",322,24,1,0,16,1,0,2,1,0,1,1,2.6165,1,3,3,4,3,7,7,0,0,1,0,0,0,1,0,0,0,0,1,1,0,0
"689",323,24,1,1,16,0,0,1,0,1,0,0,-0.635999999999999,3,3,3,4,3,7,4,2,1,0,1,1,1,0,1,0,0,1,1,1,0,1
"690",324,24,1,1,15,1,1,4,1,1,0,1,2.8625,3,4,3,6,3,6,2,1,2,1,0,1,1,0,0,0,1,0,0,0,1,1
"691",325,24,0,1,17,1,1,3,1,1,0,0,-1.798,1,2,4,6,3,9,10,0,0,0,0,0,0,0,0,0,0,0,0,1,0,0
"692",326,24,0,1,16,0,0,2,1,1,0,0,0.9115,1,2,4,6,2,7,9,0,1,1,0,1,0,1,0,1,0,1,1,0,1,0
"693",327,24,1,1,18,1,1,2,1,1,1,1,1.4525,4,3,3,4,2,7,7,1,0,1,0,1,0,1,0,0,0,1,0,1,0,1
"694",328,24,1,1,17,0,0,2,1,1,1,1,3.034,3,3,4,6,2,6,9,1,0,1,0,0,0,1,0,0,0,1,1,1,0,0
"695",329,24,0,1,16,0,0,3,1,1,0,0,0.1905,3,3,4,6,2,5,7,2,2,0,1,1,1,0,0,0,1,1,0,1,0,1
"696",330,24,0,0,17,0,0,2,1,1,1,0,1.1575,2,2,4,5,2,6,4,0,0,0,0,0,0,0,0,0,0,1,1,1,0,0
"697",331,24,0,1,17,1,0,2,1,0,1,1,-1.323,4,2,3,5,5,11,11,0,1,0,0,1,0,0,0,1,0,1,1,0,0,0
"698",332,24,1,0,15,0,0,4,1,0,1,1,-0.0470000000000006,2,2,2,5,3,10,9,0,0,1,0,0,0,1,0,0,0,1,1,1,1,1
"699",333,24,1,0,17,1,0,4,0,1,0,0,-0.3645,1,1,2,1,3,10,9,0,0,0,0,0,0,0,0,0,0,1,1,0,1,0
"700",334,24,1,0,18,0,0,4,1,1,1,1,-0.693499999999998,2,3,3,1,3,11,12,1,1,1,1,0,0,0,1,0,0,1,1,0,1,0
"701",335,24,1,0,17,0,0,2,0,1,1,1,2.788,4,2,3,5,2,5,1,1,0,1,0,0,1,1,0,0,0,1,1,1,0,1
"702",336,24,1,1,14,1,0,4,0,1,0,0,-0.702,1,2,4,6,3,10,7,0,0,0,0,0,0,0,0,0,0,0,1,1,1,1
"703",337,24,0,0,16,0,0,2,0,0,1,1,4.0125,4,2,4,4,1,4,5,1,1,0,1,0,1,0,0,0,1,1,1,1,0,1
"704",338,24,0,0,17,0,0,3,1,0,1,0,2.0755,2,3,4,5,3,8,8,0,2,1,0,0,1,1,0,0,1,1,1,1,1,1
"705",339,24,1,1,18,1,1,2,0,1,0,0,-0.635999999999999,3,4,4,6,3,7,12,1,2,0,1,1,0,0,1,0,0,1,1,1,1,1
"706",340,24,1,0,15,0,0,4,1,1,1,0,2.8795,4,1,3,4,1,3,3,5,0,1,1,1,1,1,0,0,0,1,1,1,1,1
"707",341,25,0,0,18,1,0,2,0,1,1,0,1.612,2,2,4,6,3,7,7,0,0,1,0,0,0,1,0,0,0,1,1,0,0,0
"708",342,25,0,1,16,1,0,3,0,0,1,1,3.804,2,2,2,3,1,1,2,0,0,1,0,0,0,1,0,0,0,1,0,1,0,0
"709",343,25,1,0,15,1,1,3,0,0,0,0,-0.356,2,3,4,5,3,9,6,1,2,0,1,1,1,0,1,1,0,1,1,0,1,1
"710",344,25,1,1,15,1,0,2,0,1,0,0,0.674000000000001,1,2,2,3,3,7,9,0,0,0,0,0,0,0,0,0,0,1,1,1,1,0
"711",345,25,0,1,16,1,0,3,1,1,1,1,-0.702,3,3,4,6,3,8,6,0,0,1,0,0,0,1,0,0,0,1,1,1,0,0
"712",346,25,0,0,15,0,0,4,1,1,1,0,-1.5605,3,4,3,5,3,9,7,1,1,1,1,1,0,1,1,0,0,1,1,0,0,1
"713",347,25,0,0,16,0,0,2,0,0,1,0,3.1915,2,3,3,5,3,7,10,0,0,0,0,0,0,0,0,0,0,0,0,0,0,0
"714",348,25,0,0,18,0,0,2,1,1,0,0,-1.1685,1,4,4,6,3,7,12,0,0,0,0,0,0,0,0,0,0,1,1,1,1,0
"715",349,25,0,1,16,0,0,3,1,1,0,0,-0.464499999999999,1,1,2,1,2,5,5,0,0,0,0,0,0,0,0,0,0,0,1,0,1,0
"716",350,25,0,0,15,0,0,3,1,1,0,0,0.7805,1,2,4,6,3,9,4,1,0,1,0,0,1,0,0,0,0,0,1,1,1,0
"717",351,25,1,1,15,1,1,3,1,1,1,0,-0.693499999999998,2,3,3,4,3,9,3,0,0,0,0,0,0,0,0,0,0,1,1,1,1,0
"718",352,25,1,0,17,0,0,1,0,1,0,0,1.1745,2,3,4,6,4,8,6,0,1,0,1,0,0,0,1,0,0,1,1,1,0,0
"719",353,25,1,1,17,0,0,1,1,1,1,0,-2.061,2,3,3,6,3,10,5,0,0,0,0,0,0,0,0,0,0,1,1,1,1,1
"720",354,25,1,1,16,0,0,2,0,0,0,0,1.8325,1,3,4,6,1,7,6,1,0,0,0,0,1,0,0,0,0,0,1,0,1,1
"721",355,25,1,1,16,1,1,3,1,0,0,1,2.7795,1,2,3,6,3,7,9,1,3,0,0,1,1,0,0,1,1,1,1,1,1,1
"722",356,25,0,1,17,1,0,4,1,1,0,1,4.2385,2,3,4,3,2,7,4,0,0,0,0,0,0,0,0,0,0,1,1,1,1,0
"723",357,25,1,0,16,0,0,3,0,0,0,1,3.2545,3,2,3,1,2,7,10,1,2,0,1,1,1,0,1,1,0,1,1,1,1,1
"724",358,25,1,0,17,0,0,2,1,1,1,0,3.3055,2,2,3,3,2,7,3,1,0,0,0,0,1,0,0,0,0,1,1,1,1,1
"725",359,25,1,0,14,1,0,2,1,1,1,0,1.97,2,3,4,6,2,8,1,0,2,1,1,0,1,1,1,0,1,1,1,0,0,1
"726",360,25,1,1,16,0,0,2,1,1,1,1,2.362,4,2,1,3,2,7,5,0,1,1,0,1,0,1,0,1,0,1,0,0,1,1
"727",361,25,0,0,15,0,0,4,0,1,0,0,-0.1845,1,2,3,5,2,1,4,0,5,1,0,1,1,0,0,1,1,1,1,1,1,1
"728",362,25,1,0,17,0,0,2,1,0,1,1,1.936,3,2,3,4,3,12,8,1,0,1,0,0,1,1,0,0,0,1,1,1,1,1
"729",363,25,0,0,17,1,0,3,1,1,1,0,-0.456,1,3,3,6,3,11,9,0,0,0,0,0,0,0,0,0,0,1,1,1,1,0
"730",364,25,1,1,18,0,0,3,0,1,1,0,3.7955,4,1,3,3,3,8,10,1,1,1,1,0,1,1,1,0,0,1,1,0,0,1
"731",365,25,1,1,17,0,0,4,0,0,1,0,0.1105,2,3,3,6,3,6,5,1,0,0,1,0,0,0,0,0,0,1,1,1,0,1
"732",366,25,0,0,17,0,0,4,1,1,1,0,-3.0025,2,3,4,5,4,11,11,0,0,0,0,0,0,0,0,0,0,1,1,1,1,0
"733",367,25,0,1,16,0,0,2,1,1,1,1,5.185,2,2,2,2,2,9,3,0,1,0,0,0,1,0,0,0,1,1,0,1,0,1
"734",368,25,0,0,16,0,0,2,0,1,0,0,0.954000000000001,3,2,4,6,2,6,1,1,0,1,0,1,0,1,0,0,0,1,1,1,1,1
"735",369,25,0,0,18,0,0,2,1,1,0,1,-2.307,3,3,3,4,3,6,6,0,0,1,0,0,0,1,0,0,0,1,1,1,1,1
"736",370,25,1,1,16,0,0,2,1,1,1,1,0.691000000000001,4,3,3,5,3,9,4,1,0,1,0,1,0,0,0,0,0,1,1,1,1,1
"737",371,26,0,0,17,1,0,2,0,0,1,1,1.5035,1,3,4,6,3,7,8,0,0,1,0,0,0,1,0,0,0,1,1,0,0,0
"738",372,26,1,1,18,0,0,3,1,0,1,1,1.215,3,3,2,4,3,9,8,2,0,0,1,1,0,0,0,0,0,1,0,1,1,1
"739",373,26,1,1,17,1,0,3,1,1,0,0,-1.8235,1,2,3,3,4,8,8,0,0,0,0,0,0,0,0,0,0,1,1,0,0,0
"740",374,26,1,1,18,0,0,2,1,1,1,1,2.1415,4,2,2,1,2,7,7,0,0,0,0,0,0,0,0,0,0,1,1,1,0,0
"741",375,26,0,1,15,1,1,2,1,1,0,0,-1.8065,1,3,4,6,3,7,1,1,1,0,0,1,1,0,0,0,1,0,0,1,0,1
"742",376,26,1,1,17,0,0,2,1,1,1,1,1.707,2,3,2,6,3,6,7,0,3,1,0,1,1,1,0,1,1,1,1,0,1,1
"743",377,26,1,0,15,1,1,3,1,0,0,0,1.495,2,3,3,5,3,8,6,1,2,1,1,1,0,1,1,1,0,1,1,0,1,1
"744",378,26,0,0,16,1,1,3,1,1,1,0,2.8625,2,1,2,4,2,6,4,2,1,0,0,1,1,0,0,1,0,0,1,1,1,1
"745",379,26,1,1,18,1,1,4,1,1,0,0,-1.323,2,3,3,6,3,8,9,0,1,1,0,1,0,1,0,1,0,1,1,0,0,0
"746",380,26,1,1,16,1,1,4,1,1,0,1,-1.3315,2,3,3,3,3,7,4,0,1,0,0,0,1,0,0,0,1,0,1,1,1,1
"747",381,26,1,1,17,1,0,4,0,1,0,0,0.445,1,3,3,5,3,8,9,2,1,0,1,1,1,0,0,0,1,1,1,1,1,1
"748",382,26,1,1,16,1,1,4,1,0,1,1,-0.635999999999999,2,2,1,4,3,9,7,0,1,1,1,0,0,1,1,0,0,1,1,1,0,0
"749",383,26,0,0,18,1,0,3,1,1,1,0,1.5665,3,3,3,5,3,7,2,0,0,1,0,0,0,1,0,0,0,0,0,1,0,0
"750",384,26,1,0,16,1,1,2,1,0,1,0,2.6165,2,1,2,5,2,7,2,0,0,1,0,0,0,1,0,0,0,1,1,1,1,0
"751",385,26,1,1,18,1,0,4,0,1,0,0,3.5205,1,2,4,3,3,8,6,0,0,0,0,0,0,0,0,0,0,1,1,1,0,0
"752",386,26,0,0,18,0,0,2,0,0,1,1,0.7995,4,2,2,4,2,7,7,1,2,0,1,0,0,0,1,0,0,1,1,1,0,0
"753",387,26,0,0,16,0,0,2,0,1,1,0,2.771,3,1,3,1,1,5,6,0,2,0,0,1,1,0,0,1,1,1,1,1,1,0
"754",388,26,1,1,17,1,0,3,1,1,1,0,3.8295,2,2,4,5,3,8,7,2,3,1,1,1,1,0,0,1,1,1,1,1,1,1
"755",389,26,1,0,16,0,0,1,0,0,1,0,-1.34,1,3,3,6,4,11,6,0,0,1,0,0,0,1,0,0,0,1,1,0,0,1
"756",390,26,0,1,16,0,0,3,0,1,0,0,-1.5775,1,2,3,4,3,9,10,0,1,0,1,0,0,0,1,0,0,1,1,1,0,0
"757",391,26,0,0,18,1,1,4,0,1,0,0,0.339500000000001,2,3,4,6,3,8,8,0,0,0,0,0,0,0,0,0,0,1,0,1,0,0
"758",392,26,0,0,16,0,0,2,1,1,1,1,3,2,2,4,6,3,9,12,0,0,0,0,0,0,0,0,0,0,1,1,1,1,0
"759",393,26,0,0,16,0,0,2,0,1,1,0,1.1915,2,2,4,6,3,8,3,0,1,0,1,0,0,0,1,0,0,1,1,1,1,0
"760",394,26,0,0,16,0,0,2,1,1,0,0,3.541,1,3,3,5,2,4,1,0,0,0,0,0,0,0,0,0,0,1,1,0,1,0
"761",395,26,0,1,17,0,0,3,0,1,1,1,-0.856499999999999,4,3,3,4,3,8,6,1,0,0,0,1,0,0,0,0,0,1,0,1,0,0
"762",396,26,0,0,16,0,0,2,1,1,1,0,1.592,1,2,3,3,2,3,1,0,0,0,0,0,0,0,0,0,0,1,1,1,1,0
"763",397,26,1,1,18,0,0,2,1,1,0,0,0.470499999999999,3,2,2,3,3,1,6,0,3,0,0,0,1,0,0,0,1,0,0,0,1,0
"764",398,26,1,0,17,1,1,3,0,1,1,0,-1.1025,2,2,3,6,3,4,6,0,2,1,1,1,0,0,1,1,0,1,0,0,0,1
"765",399,26,0,1,18,1,1,4,1,1,0,0,-1.586,2,3,2,4,3,2,2,0,0,1,0,0,0,1,0,0,0,0,1,1,1,0
"766",400,26,0,1,16,1,1,2,1,1,0,1,2.82,2,3,4,3,3,6,2,0,0,0,0,0,0,0,0,0,0,1,1,1,0,0
"767",401,27,1,1,16,1,0,1,1,0,1,1,5.492,3,2,3,4,2,2,4,0,0,1,0,0,0,1,0,0,0,1,1,1,1,1
"768",402,27,0,0,16,0,0,2,0,1,1,1,-1.815,4,3,3,4,3,9,6,0,0,1,0,0,0,1,0,0,0,0,1,0,0,0
"769",403,27,1,1,15,1,1,2,1,0,1,0,0.74,2,2,2,6,3,6,7,0,1,0,0,1,0,0,0,1,0,1,1,1,0,1
"770",404,27,1,1,17,1,1,3,0,1,0,0,0.9115,4,3,4,5,3,4,2,0,2,1,0,1,1,0,0,1,1,1,1,1,1,1
"771",405,27,1,0,17,0,0,2,1,1,1,1,1.5665,3,4,3,6,3,9,10,5,1,1,1,1,1,1,0,0,0,1,1,1,1,1
"772",406,27,1,0,16,1,0,3,1,0,1,0,1.7495,2,1,3,4,2,9,7,0,1,0,0,1,0,0,0,1,0,1,0,0,1,1
"773",407,27,0,1,17,0,0,2,0,0,1,1,1.4525,2,3,3,4,3,7,10,0,0,1,0,0,0,1,0,0,0,1,0,1,0,0
"774",408,27,0,0,15,0,0,2,0,0,0,1,1.953,1,2,3,5,4,9,6,1,1,1,1,0,1,1,1,0,0,1,1,0,1,1
"775",409,27,0,1,15,1,0,3,0,1,0,0,0.9115,2,3,3,4,3,1,1,1,2,1,1,1,1,0,1,0,1,1,1,0,0,1
"776",410,27,0,0,17,0,0,2,0,1,0,0,1.4525,1,3,4,5,3,7,10,0,1,1,1,0,0,0,1,0,0,1,1,1,1,0
"777",411,27,0,1,18,1,1,2,1,0,1,0,4.939,4,2,2,3,2,7,7,0,1,0,0,1,0,0,0,1,0,1,1,1,1,0
"778",412,27,0,0,18,0,0,2,0,0,1,1,1.936,3,2,4,3,2,6,9,0,0,0,0,0,0,0,0,0,0,0,0,1,0,0
"779",413,27,0,1,16,0,0,3,1,1,1,1,1.2065,2,2,3,4,3,9,6,0,0,0,0,0,0,0,0,0,0,0,1,1,1,0
"780",414,27,1,1,15,1,1,2,1,1,1,0,0.928500000000001,1,3,3,6,3,7,8,1,2,1,1,1,0,1,1,1,0,1,0,1,0,1
"781",415,27,0,0,17,0,0,2,1,1,0,0,-0.6105,2,2,4,6,3,10,3,0,1,1,1,0,0,1,1,0,0,1,1,1,1,0
"782",416,27,0,0,16,0,0,2,1,0,1,0,3.8125,2,2,4,4,3,7,8,1,0,0,0,0,1,0,0,0,0,1,1,1,1,0
"783",417,27,1,0,16,0,0,2,1,0,1,0,0.0274999999999999,1,3,3,6,2,4,11,0,2,1,1,1,0,1,1,1,0,1,1,1,0,1
"784",418,27,1,0,16,0,0,2,1,1,1,0,2.625,2,2,4,5,3,7,7,0,0,0,0,0,0,0,0,0,0,1,1,1,1,1
"785",419,27,0,1,16,1,1,3,0,1,0,0,-1.8235,1,2,3,4,4,8,3,0,1,0,0,0,1,0,0,0,1,1,1,1,1,0
"786",420,27,0,1,16,1,1,1,0,1,0,1,2.5995,3,3,4,3,3,7,5,0,0,1,0,0,0,1,0,0,0,1,1,1,1,1
"787",421,27,0,1,18,0,0,4,1,1,0,0,-0.356,2,2,4,5,3,8,4,0,0,0,0,0,0,0,0,0,0,0,0,1,1,0
"788",422,27,0,1,17,1,1,2,1,1,0,0,1.8325,2,3,3,6,3,8,6,0,1,0,0,1,0,0,0,1,0,1,1,1,0,1
"789",423,27,0,0,15,1,1,1,1,1,1,1,3,2,2,3,4,3,12,10,0,0,0,0,0,0,0,0,0,0,1,1,1,1,0
"790",424,27,1,1,16,0,0,1,0,0,1,1,2.116,3,3,3,4,3,8,7,0,0,0,0,0,0,0,0,0,0,1,1,0,1,1
"791",425,27,1,0,17,0,0,2,1,1,1,1,2.7625,3,2,3,4,2,8,6,1,0,0,1,0,0,0,0,0,0,1,1,1,0,1
"792",426,27,1,0,17,1,1,2,0,0,1,0,-1.1685,2,3,4,6,3,10,11,0,0,0,0,0,0,0,0,0,0,1,1,1,1,0
"793",427,27,1,0,17,0,0,4,1,1,1,0,-0.356,2,3,2,6,3,9,9,1,2,1,1,0,1,1,1,0,1,1,1,0,1,0
"794",428,27,1,1,16,1,1,4,1,1,1,0,0.6995,2,3,3,5,3,7,7,0,0,1,0,0,0,1,0,0,0,0,1,0,1,1
"795",429,27,1,0,16,0,0,2,1,0,1,0,-1.1685,3,4,3,6,1,6,2,0,0,1,0,0,0,1,0,0,0,1,1,0,1,0
"796",430,27,1,0,15,1,0,2,1,0,1,0,-0.635999999999999,2,2,4,6,2,9,6,0,1,0,0,0,1,0,0,0,1,1,1,1,0,1
"797",431,28,1,0,15,1,1,3,1,0,1,0,1.97,2,3,4,6,2,1,5,0,3,1,0,0,1,0,0,0,1,1,1,0,1,1
"798",432,28,1,1,18,0,0,3,1,1,0,1,3.7465,3,1,2,3,2,7,11,2,1,1,1,1,0,0,0,1,0,1,0,1,0,0
"799",433,28,0,1,15,1,1,1,0,0,0,1,2.133,1,3,2,3,4,6,2,0,1,0,0,0,1,0,0,0,1,1,0,1,1,0
"800",434,28,0,1,15,0,0,3,1,1,0,1,3.5005,3,2,2,5,2,6,3,0,0,0,0,0,0,0,0,0,0,1,1,1,0,0
"801",435,28,0,1,16,1,0,2,0,1,1,1,0.348000000000001,1,2,4,6,3,14,6,0,0,1,0,0,0,0,0,0,0,1,1,0,0,0
"802",436,28,0,0,17,1,1,2,0,0,0,0,-0.1525,3,3,4,6,3,9,1,0,0,0,0,0,0,0,0,0,0,0,1,0,1,0
"803",437,28,1,1,16,1,0,4,1,1,1,1,2.6165,3,1,2,4,2,7,6,1,1,0,0,1,0,0,0,1,0,1,1,0,1,0
"804",438,28,1,0,16,1,0,2,1,1,1,0,-2.307,1,3,3,5,3,8,2,0,0,0,0,0,0,0,0,0,0,1,1,1,1,1
"805",439,28,0,0,18,0,0,2,0,1,1,0,3.5005,3,4,4,6,3,7,5,0,1,0,0,0,1,0,0,0,1,1,1,0,1,1
"806",440,28,0,1,16,1,0,4,1,1,1,0,-1.3315,1,2,3,5,2,9,1,0,1,0,0,0,1,0,0,0,1,1,1,1,1,0
"807",441,28,1,1,15,0,0,4,0,0,1,1,5.672,2,3,1,4,2,1,3,1,1,1,0,1,1,0,0,0,1,1,0,1,0,1
"808",442,28,0,1,15,0,0,4,1,1,0,0,0.765500000000001,3,3,3,3,3,7,6,0,0,0,0,0,0,0,0,0,0,1,1,1,0,1
"809",443,28,1,0,17,1,0,2,0,0,0,0,3.8125,2,3,3,5,2,8,11,0,0,1,0,0,0,1,0,0,0,1,1,1,0,0
"810",444,28,1,0,17,1,0,2,1,1,1,1,1.2235,3,2,4,4,2,7,6,0,0,1,0,0,0,0,0,0,0,1,1,0,0,1
"811",445,28,0,1,17,1,0,2,1,1,0,1,4.2555,3,2,3,4,2,7,9,0,3,0,1,1,0,0,1,1,0,1,1,1,1,0
"812",446,28,0,1,16,1,1,4,0,1,0,0,1.97,1,2,3,6,2,5,7,1,3,0,0,1,1,0,0,1,1,1,1,1,1,1
"813",447,28,0,1,16,1,1,4,0,1,0,0,0.74,1,3,4,6,2,4,4,1,1,1,0,1,0,1,0,1,0,1,1,1,1,1
"814",448,28,1,1,18,1,0,3,0,1,1,0,0.298999999999999,2,2,3,3,4,10,9,0,1,1,1,0,0,1,1,0,0,1,0,0,0,0
"815",449,28,0,0,18,0,0,2,1,1,1,0,-1.3485,3,3,3,4,3,12,9,0,0,0,0,0,0,0,0,0,0,0,0,1,0,0
"816",450,28,1,1,17,1,1,4,0,0,0,0,3.8125,1,2,3,5,2,6,9,1,1,1,1,0,0,1,1,0,0,1,1,1,0,0
"817",451,28,1,1,16,0,0,4,1,1,0,1,-0.6275,2,2,3,3,3,7,8,1,0,1,0,0,1,1,0,0,0,1,1,0,1,1
"818",452,28,1,0,17,0,0,4,1,1,0,0,-1.323,2,2,4,6,3,9,11,1,0,1,0,0,1,1,0,0,0,1,1,0,1,1
"819",453,28,0,1,17,0,0,4,1,1,0,1,2.903,2,2,4,4,3,9,6,1,0,0,0,0,1,0,0,0,1,0,1,1,1,0
"820",454,28,1,1,17,0,0,2,1,1,0,0,-3.0195,2,2,3,6,3,9,8,0,2,0,0,1,0,0,0,1,0,1,1,1,1,1
"821",455,28,1,0,17,0,0,3,1,1,1,1,2.8625,4,1,1,3,2,10,9,1,2,0,1,1,1,0,1,1,0,1,1,1,1,1
"822",456,28,0,0,17,1,1,2,0,0,1,0,-0.356,1,2,3,5,3,7,5,0,0,0,0,0,0,0,0,0,0,1,1,1,1,0
"823",457,28,0,0,17,0,0,3,1,1,0,0,0.986000000000001,2,2,4,6,3,8,8,1,1,0,1,0,1,0,1,0,0,1,1,1,1,0
"824",458,28,0,0,15,0,0,1,0,1,1,1,2.8625,4,2,4,6,2,4,4,3,0,1,1,0,1,1,0,0,0,1,1,1,1,1
"825",459,28,1,0,17,0,0,4,1,1,0,0,-0.241999999999999,3,2,3,5,3,7,3,0,1,1,0,0,1,1,0,0,1,0,0,1,0,0
"826",460,28,1,1,18,0,0,1,1,1,0,0,2.479,4,3,3,4,3,6,11,0,0,0,0,0,0,0,0,0,0,1,1,1,1,0
"827",461,29,1,1,17,1,1,3,1,0,0,0,2.216,3,3,2,6,3,7,4,0,3,0,0,1,1,0,0,1,1,1,1,1,1,1
"828",462,29,1,1,17,1,1,2,1,1,1,1,0.0274999999999999,4,3,3,1,3,7,9,0,0,0,0,0,0,0,0,0,0,1,0,1,0,0
"829",463,29,0,0,17,0,0,4,1,1,0,0,0.765500000000001,3,3,3,5,3,7,8,0,1,0,0,0,1,0,0,0,1,0,1,0,1,0
"830",464,29,1,0,17,1,1,3,0,1,0,0,1.1575,1,3,4,6,3,7,7,2,0,0,1,1,0,0,0,0,0,1,1,0,0,1
"831",465,29,0,1,16,1,0,4,1,1,0,0,-1.3315,1,3,3,6,5,10,7,1,0,1,0,1,0,1,0,0,0,1,1,1,0,0
"832",466,29,1,1,17,0,0,2,1,1,1,1,1.0605,2,3,3,6,3,9,9,0,0,0,0,0,0,0,0,0,0,1,1,0,0,1
"833",467,29,1,1,17,0,0,3,1,1,1,0,2.5365,3,1,1,5,3,6,9,0,1,0,0,1,0,0,0,1,0,0,0,1,1,0
"834",468,29,0,1,16,0,0,1,0,1,0,1,2.2245,2,3,4,6,3,4,8,0,1,0,0,1,0,0,0,1,0,1,0,1,0,0
"835",469,29,0,1,17,1,0,3,1,0,0,0,0.805999999999999,2,3,4,6,3,3,2,0,3,1,0,1,1,0,0,1,1,0,1,0,1,1
"836",470,29,1,0,17,1,1,1,1,1,0,0,-2.765,2,3,4,5,3,11,9,0,0,0,0,0,0,0,0,0,0,1,1,1,1,0
"837",471,29,0,0,16,1,0,2,0,0,1,0,1.658,1,1,3,5,2,5,1,0,3,0,1,1,1,0,1,1,1,1,1,1,1,0
"838",472,29,0,0,15,0,0,3,0,1,0,1,3.5175,2,3,4,2,2,6,2,0,0,0,0,0,0,0,0,0,0,0,1,1,1,0
"839",473,29,1,1,17,1,1,4,1,1,1,0,1.953,2,1,3,5,2,6,7,1,0,0,1,0,0,0,0,0,0,1,1,1,1,1
"840",474,29,1,0,18,1,1,4,0,0,1,1,1.4205,4,2,4,5,2,9,8,0,0,0,0,0,0,0,0,0,0,1,1,1,1,0
"841",475,29,1,0,17,0,0,2,1,0,1,0,1.478,2,2,4,5,3,8,7,0,3,1,1,0,0,0,1,0,0,1,1,1,0,1
"842",476,29,0,0,14,0,0,2,0,0,1,1,0.2735,2,3,3,3,4,9,8,0,2,1,0,0,1,0,0,0,1,1,1,1,1,1
"843",477,29,1,0,14,1,0,2,1,1,1,0,-0.118499999999999,2,4,4,6,2,8,6,2,2,1,1,1,1,1,1,0,1,1,1,1,0,1
"844",478,29,1,1,18,1,1,4,0,1,0,0,3.5005,2,3,3,4,2,9,11,2,0,0,1,1,0,0,0,0,0,1,0,1,1,1
"845",479,29,0,0,16,1,0,1,1,1,1,0,0.92,1,3,3,5,4,5,4,0,0,1,0,0,0,0,0,0,0,1,1,0,1,0
"846",480,29,1,1,16,0,0,4,1,1,1,0,-0.276,2,3,2,4,4,8,8,1,0,1,0,0,0,0,0,0,0,0,0,1,1,0
"847",481,29,0,1,16,1,0,2,0,1,0,1,3.346,1,2,3,1,2,4,1,0,0,0,0,0,0,0,0,0,0,1,1,0,1,0
"848",482,29,1,0,16,1,1,3,0,1,1,0,-1.34,3,3,4,3,3,10,5,0,0,0,0,0,0,0,0,0,0,1,1,1,1,0
"849",483,29,0,1,16,0,0,2,0,0,0,1,5.777,2,1,1,3,2,5,6,0,0,0,0,0,0,0,0,0,0,0,0,1,0,0
"850",484,29,0,1,17,0,0,2,1,1,0,1,1.658,3,2,3,4,3,9,9,0,0,0,0,0,0,0,0,0,0,0,0,1,1,0
"851",485,29,0,1,15,1,0,4,1,1,0,0,1.203,2,3,4,5,3,8,7,1,0,0,0,1,0,0,0,0,0,1,0,0,0,0
"852",486,29,0,0,16,0,0,1,0,0,1,1,1.1745,3,3,3,3,3,7,10,0,0,0,0,0,0,0,0,0,0,1,0,1,1,0
"853",487,29,0,0,16,1,1,4,1,0,0,0,-1.0855,1,2,4,5,3,12,8,0,1,0,0,0,1,0,0,0,1,1,1,1,1,0
"854",488,29,1,1,16,0,0,2,0,0,0,1,3.7955,2,3,3,3,3,6,5,1,0,1,0,0,1,1,0,0,0,1,1,0,1,1
"855",489,29,0,0,17,1,1,3,0,0,0,1,-0.0470000000000006,2,2,4,3,2,4,4,1,0,0,0,0,1,0,0,0,0,1,1,0,1,1
"856",490,29,1,1,16,1,1,2,0,1,1,1,4.401,4,3,3,4,2,5,7,1,0,1,0,1,0,1,0,0,0,1,0,1,1,1
"857",491,30,1,0,16,0,0,1,0,1,0,1,0.9945,3,2,3,4,1,6,7,3,1,1,1,0,1,1,1,0,0,1,1,0,1,1
"858",492,30,1,0,15,0,0,2,1,1,1,0,-0.118499999999999,1,2,4,6,2,7,3,0,0,0,0,0,0,0,0,0,0,1,1,1,0,1
"859",493,30,1,1,16,1,1,3,1,1,0,0,-2.5445,1,2,3,4,4,11,10,0,0,0,0,0,0,0,0,0,0,1,1,1,1,0
"860",494,30,0,1,16,1,1,3,0,1,0,0,-2.061,1,3,4,6,4,7,9,0,0,1,0,0,0,0,0,0,0,1,1,0,1,0
"861",495,30,1,0,16,0,0,2,0,0,1,1,1.707,2,3,4,6,3,7,7,0,0,0,0,0,0,0,0,0,0,1,1,1,1,0
"862",496,30,1,1,17,0,0,4,1,1,1,1,2.362,2,1,3,3,3,8,8,0,0,0,0,0,0,0,0,0,0,1,1,1,1,0
"863",497,30,0,1,15,0,0,3,1,1,1,0,-1.5775,1,2,4,6,3,2,1,0,0,1,0,0,0,1,0,0,0,1,1,1,0,0
"864",498,30,1,1,16,0,0,4,1,1,0,1,3.984,3,2,3,4,1,2,5,3,0,0,1,1,0,0,0,0,0,1,1,1,0,1
"865",499,30,1,0,17,1,1,2,0,0,1,0,-0.6275,4,3,3,5,3,10,9,0,3,1,1,1,0,1,1,1,0,1,1,1,0,1
"866",500,30,0,0,16,0,0,1,0,1,1,0,1.461,4,2,3,3,2,5,3,0,0,0,0,0,0,0,0,0,0,1,0,1,0,0
"867",501,30,0,1,17,1,0,3,1,1,0,1,-2.061,2,2,4,4,3,7,6,0,0,0,0,0,0,0,0,0,0,1,1,1,0,0
"868",502,30,1,1,17,1,0,2,1,0,1,0,0.9945,2,2,4,5,4,7,4,1,0,1,0,0,0,1,0,0,0,1,0,1,1,0
"869",503,30,0,0,16,0,0,2,1,1,1,1,3.8125,3,4,4,6,5,7,8,0,2,1,1,0,0,1,1,0,0,1,0,1,0,1
"870",504,30,0,1,17,1,0,4,1,1,0,1,0.986000000000001,2,4,3,5,2,9,9,0,0,1,0,0,0,1,0,0,0,0,0,1,0,0
"871",505,30,0,0,17,0,0,1,0,0,0,1,3.5205,4,2,4,4,2,8,11,0,1,0,1,0,0,0,1,0,0,1,1,1,0,0
"872",506,30,0,1,16,0,0,4,1,1,0,0,0.2075,1,2,3,5,3,7,8,0,2,1,1,0,0,1,1,0,0,1,1,1,0,0
"873",507,30,0,0,16,1,0,1,0,1,0,1,-0.276,4,3,4,5,2,7,2,0,0,0,0,0,0,0,0,0,0,1,1,1,1,0
"874",508,30,0,0,16,1,0,2,1,0,1,1,6.1725,1,2,3,5,2,7,1,0,1,0,0,1,0,0,0,1,0,0,1,1,0,1
"875",509,30,0,1,16,1,1,3,1,1,1,1,3.492,4,2,4,5,3,9,6,2,0,1,0,1,0,0,0,0,0,1,1,1,1,0
"876",510,30,0,1,18,0,0,3,1,1,0,0,-2.044,1,2,3,6,4,10,8,0,0,0,0,0,0,0,0,0,0,0,1,0,1,0
"877",511,30,1,0,17,0,0,2,1,1,1,1,2.3705,3,2,2,4,1,7,3,0,0,0,0,0,0,0,0,0,0,0,1,1,0,1
"878",512,30,1,1,16,0,0,3,1,1,1,0,1.5665,3,2,3,3,3,9,11,0,0,1,0,0,0,1,0,0,0,1,0,0,0,1
"879",513,30,1,0,16,0,0,2,1,1,0,0,-0.914,2,2,3,5,3,8,7,0,0,0,0,0,0,0,0,0,0,1,1,0,0,0
"880",514,30,0,0,17,0,0,1,0,1,0,1,1.1745,3,2,3,1,3,10,11,1,0,0,0,0,0,0,0,0,0,1,1,1,0,1
"881",515,30,1,1,17,1,0,3,0,1,0,0,-0.356,1,2,2,4,3,7,4,3,0,0,1,1,0,0,0,0,0,1,1,1,1,1
"882",516,30,1,1,15,0,0,2,1,1,1,1,3.1085,2,3,4,5,2,6,6,0,1,1,0,1,0,0,0,1,0,1,1,1,0,1
"883",517,30,0,1,15,0,0,4,1,1,1,1,4.401,4,1,2,4,4,7,6,0,1,1,0,0,1,1,0,0,1,1,1,1,1,0
"884",518,30,0,0,17,0,0,2,0,0,1,1,1.4525,2,4,3,3,3,12,13,0,0,0,0,0,0,0,0,0,0,1,1,0,1,0
"885",519,30,1,1,16,0,0,4,1,1,1,1,3.0455,3,1,2,4,2,6,7,1,1,1,1,0,0,1,1,0,0,1,1,1,1,0
"886",520,30,1,0,15,1,0,2,0,1,1,0,0.528,3,3,4,4,1,4,2,0,0,0,0,0,0,0,0,0,0,1,1,0,1,0
"887",521,31,1,1,15,1,0,4,0,1,1,0,2.608,4,1,3,3,2,4,6,0,1,0,1,0,0,0,1,0,0,1,1,0,0,1
"888",522,31,1,0,18,1,0,3,1,1,1,0,1.1575,2,2,3,6,1,6,1,0,0,0,0,0,0,0,0,0,0,0,1,1,1,0
"889",523,31,0,0,15,0,0,2,1,1,1,1,0.398999999999999,2,4,3,6,5,9,10,0,0,1,0,0,0,1,0,0,0,0,0,1,1,0
"890",524,31,1,0,16,1,1,4,1,1,1,0,-0.193,2,3,4,6,3,9,4,1,0,1,0,0,1,1,0,0,0,1,1,0,1,1
"891",525,31,0,1,15,0,0,2,1,1,1,1,2.445,4,2,2,2,2,7,6,0,0,1,0,0,0,1,0,0,0,1,1,0,1,1
"892",526,31,1,1,17,0,0,4,0,1,0,0,-0.372999999999999,1,2,3,5,3,8,11,0,2,1,0,0,1,1,0,0,1,1,1,1,1,1
"893",527,31,1,1,18,1,0,4,1,1,1,0,-1.0855,1,2,3,6,4,9,4,0,0,0,0,0,0,0,0,0,0,1,1,1,1,0
"894",528,31,1,1,14,0,0,4,1,1,1,1,0.528,2,2,2,3,2,4,1,0,0,1,0,0,0,0,0,0,0,1,1,1,1,1
"895",529,31,1,0,17,0,0,2,1,1,1,1,3.329,2,2,3,1,3,9,5,0,0,0,0,0,0,0,0,0,0,0,1,1,1,1
"896",530,31,0,1,17,0,0,1,1,1,1,1,4.262,3,3,3,4,3,7,7,0,1,1,0,0,1,1,0,0,1,1,1,1,1,0
"897",531,31,1,1,17,1,0,1,0,1,1,1,1.658,4,1,3,4,2,9,7,1,0,0,0,1,0,0,0,0,0,1,1,1,1,1
"898",532,31,0,1,16,0,0,3,0,1,0,0,-0.201499999999999,3,3,4,5,2,6,5,2,1,1,0,1,1,1,0,0,1,1,1,1,0,1
"899",533,31,0,1,15,0,0,4,1,1,0,0,-0.685,1,2,3,4,1,5,5,1,4,1,1,1,0,0,1,1,0,1,1,1,0,1
"900",534,31,0,0,16,0,0,4,1,1,1,1,0.74,2,2,3,6,3,7,8,0,0,1,0,0,0,1,0,0,0,1,1,1,1,0
"901",535,31,1,0,17,0,0,2,1,1,1,1,0.0274999999999999,3,2,2,1,3,9,6,0,0,0,0,0,0,0,0,0,0,1,1,1,1,0
"902",536,31,1,1,15,0,0,1,1,1,0,1,1.495,3,2,3,5,2,8,7,0,1,0,0,1,0,0,0,1,0,0,1,1,0,1
"903",537,31,0,0,16,0,0,2,0,0,1,0,3.7635,1,3,3,4,1,1,5,1,0,1,0,1,0,1,0,0,0,0,0,1,0,0
"904",538,31,1,0,16,0,0,4,1,1,0,0,-0.464499999999999,1,3,4,6,3,10,12,1,1,1,1,0,0,1,1,0,0,0,1,0,1,0
"905",539,31,0,1,17,0,0,2,0,0,0,0,4.262,2,2,3,4,2,2,10,1,0,0,0,0,1,0,0,0,0,1,1,1,1,0
"906",540,31,0,1,18,0,0,4,1,1,1,1,2.345,3,2,3,4,2,4,8,0,0,0,0,0,0,0,0,0,0,1,1,1,1,0
"907",541,31,0,1,15,1,1,3,0,1,0,0,0.805999999999999,3,3,3,3,2,7,4,2,1,1,1,1,0,1,1,0,0,1,1,0,0,1
"908",542,31,0,1,16,1,1,2,0,1,0,1,-2.373,2,3,4,5,3,7,11,0,1,0,0,0,1,0,0,0,1,1,1,1,1,1
"909",543,31,0,0,18,1,1,2,0,0,0,0,2.345,3,3,2,5,2,6,4,1,4,1,1,1,1,1,1,1,1,1,1,1,0,1
"910",544,31,0,1,17,0,0,2,1,1,1,1,4.459,2,1,1,2,2,6,5,0,1,1,0,1,0,0,0,1,0,0,0,0,0,0
"911",545,31,1,0,14,0,0,2,0,1,1,0,2.771,2,2,3,6,2,5,3,0,0,0,0,0,0,0,0,0,0,1,1,1,1,0
"912",546,31,0,1,18,0,0,2,0,1,0,0,2.4365,2,3,3,4,3,6,13,0,0,0,0,0,0,0,0,0,0,1,1,0,1,0
"913",547,31,1,1,15,1,0,4,1,1,1,0,0.528,2,2,3,5,3,4,2,0,1,1,1,0,0,1,1,0,0,1,1,1,0,0
"914",548,31,0,1,16,0,0,2,1,1,1,1,2.0755,3,2,1,4,2,1,5,0,1,0,0,1,0,0,0,1,0,1,1,1,1,0
"915",549,31,1,1,16,1,1,4,0,1,1,0,-0.118499999999999,2,2,3,4,3,7,6,2,0,1,1,1,0,1,1,0,0,1,0,1,0,1
"916",550,31,1,1,16,0,0,2,1,1,1,1,5.531,1,2,2,5,3,4,2,0,3,0,0,1,1,0,0,1,1,1,0,1,1,1
"917",551,32,0,0,17,1,0,3,0,0,0,1,0.5025,1,2,3,4,3,9,8,0,0,0,0,0,0,0,0,0,0,1,0,0,0,0
"918",552,32,1,1,18,1,1,2,1,1,0,0,-1.1025,1,3,3,6,4,4,6,0,0,0,0,0,0,0,0,0,0,1,1,1,1,0
"919",553,32,0,0,18,0,0,3,1,0,0,1,1.5665,3,3,4,6,3,8,8,0,0,0,0,0,0,0,0,0,0,0,0,1,0,0
"920",554,32,0,1,17,1,1,1,1,1,0,0,-3.011,2,3,4,6,4,10,7,1,0,1,0,0,0,1,0,0,0,1,1,0,1,0
"921",555,32,1,1,19,1,0,2,0,0,0,1,3.2545,3,3,4,4,2,5,10,0,0,0,0,0,0,0,0,0,0,1,1,1,0,0
"922",556,32,0,1,17,1,1,2,1,0,0,0,0.74,2,4,3,6,3,6,8,0,1,0,0,1,0,0,0,1,0,1,1,1,0,1
"923",557,32,0,1,17,0,0,4,1,1,0,0,-1.0855,2,2,3,4,2,6,4,0,0,0,0,0,0,0,0,0,0,0,0,1,0,0
"924",558,32,0,0,16,0,0,1,1,0,1,1,4.296,2,2,3,4,1,4,5,0,1,0,0,0,1,0,0,0,1,1,1,1,0,0
"925",559,32,1,0,17,0,0,2,1,1,1,0,2.8795,3,2,3,6,2,9,11,1,2,1,1,1,1,1,1,1,0,1,1,1,0,1
"926",560,32,0,0,17,0,0,3,1,0,1,0,1.9125,2,2,4,6,3,12,7,0,0,1,0,0,0,1,0,0,0,1,1,1,0,0
"927",561,32,0,1,15,1,0,4,0,0,0,0,0.2075,1,2,3,3,2,8,3,0,2,0,1,0,1,0,1,0,1,1,1,1,1,1
"928",562,32,1,1,17,1,0,4,0,1,0,0,1.69,3,2,2,3,3,7,9,0,1,0,1,0,0,0,1,0,0,1,1,1,1,0
"929",563,32,1,0,16,1,0,2,0,0,0,0,1.7155,3,3,4,3,1,6,7,0,1,0,0,0,1,0,0,0,1,1,1,1,0,0
"930",564,32,1,0,18,1,0,1,0,1,1,0,0.339500000000001,1,3,3,5,3,7,13,1,0,1,1,0,0,1,0,0,0,1,1,1,0,0
"931",565,32,1,0,18,1,0,4,0,1,1,1,0.265000000000001,2,3,4,6,3,9,6,1,0,1,1,0,0,0,0,0,0,1,1,0,0,1
"932",566,32,0,0,16,0,0,2,1,0,1,1,0.545,2,2,3,5,4,9,7,0,1,1,0,0,1,1,0,0,1,1,0,0,1,0
"933",567,32,1,1,15,0,0,4,1,1,1,0,3.8295,3,3,3,4,3,7,11,1,0,0,0,1,0,0,0,0,0,1,1,0,1,1
"934",568,32,0,0,15,0,0,2,0,1,0,0,-0.3645,2,2,3,4,3,8,8,0,1,1,1,0,0,0,1,0,0,1,1,1,1,0
"935",569,32,1,1,17,0,0,2,0,0,1,0,0.1105,2,3,3,4,3,8,4,1,2,1,0,1,1,1,0,1,1,1,0,0,0,1
"936",570,32,0,0,16,0,0,2,0,1,0,0,0.674000000000001,2,4,4,5,3,7,7,0,1,0,0,0,1,0,0,0,1,1,1,1,0,0
"937",571,32,1,1,17,1,0,3,0,1,0,0,0.9945,2,3,4,3,5,9,11,0,0,0,0,0,0,0,0,0,0,1,1,1,0,0
"938",572,32,0,1,16,1,0,3,1,1,1,0,1.658,2,2,2,4,1,1,1,0,0,0,0,0,0,0,0,0,0,0,1,1,1,0
"939",573,32,1,1,17,1,0,3,1,1,1,0,3.3055,4,2,1,2,3,7,3,0,0,0,0,0,0,0,0,0,0,0,1,1,1,1
"940",574,32,1,0,17,0,0,2,0,1,1,1,3.804,4,3,3,4,1,4,5,0,1,1,0,1,0,1,0,1,0,1,0,0,0,1
"941",575,32,0,1,17,0,0,4,1,1,1,0,2.788,3,2,3,4,2,7,8,0,0,1,0,0,0,1,0,0,0,1,1,0,0,0
"942",576,32,1,1,16,0,0,2,1,1,1,1,4.0295,3,2,2,4,2,6,8,0,0,0,0,0,0,0,0,0,0,0,0,1,0,0
"943",577,32,0,1,15,1,1,2,1,0,0,0,2.479,1,3,3,6,3,4,8,2,0,1,0,1,0,1,0,0,0,1,1,0,1,0
"944",578,32,0,1,16,1,1,2,1,1,1,0,1.8955,1,3,3,6,4,6,7,0,0,0,0,0,0,0,0,0,0,1,0,0,0,0
"945",579,32,1,1,17,1,0,2,0,0,1,1,4.201,1,2,3,4,2,6,2,0,1,0,0,1,0,0,0,1,0,1,1,0,0,1
"946",580,32,1,1,17,0,0,4,1,1,1,1,3.904,2,3,2,4,3,1,8,2,1,1,1,1,0,1,0,0,0,1,1,0,0,1
"947",581,33,0,1,17,1,1,2,1,1,0,0,-0.6275,1,3,4,5,4,8,5,0,0,0,0,0,0,0,0,0,0,1,1,0,0,1
"948",582,33,1,0,18,1,1,2,0,1,0,1,2.4365,2,3,3,5,3,8,8,0,0,1,0,0,0,1,0,0,0,1,1,1,0,0
"949",583,33,0,0,18,0,0,2,1,1,1,0,1.724,2,4,4,5,3,9,4,0,1,0,0,0,1,0,0,0,1,0,1,1,1,0
"950",584,33,1,1,15,1,1,4,1,1,1,1,2.7965,1,2,1,5,3,6,14,1,0,0,0,0,0,0,0,0,0,1,1,1,1,0
"951",585,33,1,0,17,1,0,3,1,1,1,0,-1.5775,1,3,4,6,3,7,9,0,1,0,1,0,0,0,1,0,0,1,1,0,0,0
"952",586,33,1,0,15,1,1,2,1,0,1,0,-0.685,2,3,4,6,2,7,8,0,0,0,0,0,0,0,0,0,0,1,1,1,0,0
"953",587,33,0,1,17,0,0,3,0,1,0,1,4.0415,4,3,4,5,3,2,2,0,0,1,0,0,0,1,0,0,0,1,0,0,0,0
"954",588,33,0,0,16,1,1,2,1,0,1,0,-1.5605,1,3,3,6,3,7,14,0,0,0,0,0,0,0,0,0,0,1,1,0,0,0
"955",589,33,1,0,18,0,0,4,1,1,0,1,1.1575,4,3,2,4,3,8,11,1,0,0,1,0,0,0,0,0,0,1,0,1,0,0
"956",590,33,1,1,16,0,0,1,1,1,1,1,3.28,3,2,3,6,1,2,4,1,0,0,0,1,0,0,0,0,0,0,1,1,0,1
"957",591,33,0,0,17,0,0,2,0,1,1,0,2.2245,1,3,4,6,3,1,9,0,0,0,0,0,0,0,0,0,0,1,1,1,0,0
"958",592,33,0,0,18,0,0,1,1,1,1,1,2.5365,3,3,3,3,3,6,8,0,0,1,0,0,0,1,0,0,0,1,1,1,1,0
"959",593,33,1,1,17,1,0,2,1,0,1,1,0.9115,1,3,2,3,3,9,9,0,0,1,0,0,0,1,0,0,0,1,1,1,0,1
"960",594,33,1,0,17,0,0,2,1,1,1,1,2.788,4,3,4,5,3,9,11,0,0,0,0,0,0,0,0,0,0,1,1,0,1,0
"961",595,33,0,0,15,1,0,2,0,1,0,0,0.954000000000001,1,3,4,6,4,9,9,0,2,0,1,0,0,0,1,0,0,1,1,1,1,0
"962",596,33,0,0,17,1,0,2,0,0,0,1,1.2065,1,3,4,3,3,7,7,0,0,0,0,0,0,0,0,0,0,1,1,1,0,0
"963",597,33,0,1,18,0,0,4,1,1,0,0,-1.798,2,3,2,4,3,8,8,0,0,0,0,0,0,0,0,0,0,0,1,1,1,1
"964",598,33,1,1,17,0,0,2,1,1,1,1,1.6835,3,3,2,3,3,7,10,0,0,0,0,0,0,0,0,0,0,0,0,0,1,0
"965",599,33,1,1,17,1,1,1,1,0,0,0,1.232,3,4,4,5,3,10,11,0,1,0,0,1,0,0,0,1,0,1,1,1,1,1
"966",600,33,0,1,16,1,0,2,1,1,1,0,0.5365,2,1,1,4,2,8,7,1,1,0,0,1,0,0,0,1,0,0,1,1,1,0
"967",601,33,1,1,16,0,0,3,1,1,1,0,-0.6105,2,3,2,5,3,7,4,0,0,1,0,0,0,1,0,0,0,1,1,1,0,0
"968",602,33,1,0,16,1,1,3,1,0,1,0,-1.3315,2,3,4,6,3,10,10,0,1,0,0,0,1,0,0,0,1,1,1,1,1,1
"969",603,33,0,0,16,0,0,3,1,0,1,1,1.232,2,2,3,4,3,6,4,0,1,0,0,0,1,0,0,0,1,1,1,1,1,0
"970",604,33,0,0,16,0,0,2,1,1,1,1,0.6995,4,2,4,6,3,10,10,0,2,0,1,0,1,0,1,0,1,1,1,1,1,0
"971",605,33,0,0,16,0,0,2,1,1,0,0,-2.5275,1,3,4,6,3,10,5,0,1,1,0,0,1,0,0,0,1,1,1,1,0,1
"972",606,33,0,0,17,0,0,3,1,0,1,0,-0.3645,2,2,3,6,4,7,6,0,4,1,1,1,1,1,1,1,1,1,1,1,0,1
"973",607,33,1,1,16,1,0,4,1,1,1,0,3.2545,3,1,4,4,2,6,7,0,0,0,0,0,0,0,0,0,0,1,1,1,1,0
"974",608,33,0,0,15,0,0,3,1,1,1,0,-1.323,1,2,3,6,3,7,4,0,1,1,1,0,0,1,1,0,0,1,1,1,1,0
"975",609,33,1,1,15,1,1,4,1,0,0,1,4.0415,1,1,2,5,2,6,2,0,1,0,0,1,0,0,0,1,0,1,1,0,1,1
"976",610,33,1,1,17,1,1,4,1,1,1,0,-0.276,2,2,3,4,2,6,11,1,1,0,0,1,0,0,0,1,0,1,0,1,0,1
"977",611,34,0,1,15,0,0,4,1,1,1,1,3.509,2,1,2,3,3,7,2,0,1,0,0,1,0,0,0,1,0,0,0,0,1,1
"978",612,34,0,0,17,0,0,1,1,1,0,1,4.459,4,2,3,4,2,7,7,0,0,0,0,0,0,0,0,0,0,0,1,1,1,0
"979",613,34,1,1,17,1,1,4,1,1,1,0,-2.5445,3,3,4,6,3,7,9,3,0,0,0,1,0,0,0,0,0,1,0,0,1,1
"980",614,34,1,1,15,0,0,3,0,0,1,1,4.476,3,1,2,2,1,6,6,0,2,0,0,1,1,0,0,1,1,1,0,0,0,1
"981",615,34,1,0,17,1,0,4,0,0,0,0,1.1915,2,2,3,3,2,7,2,0,1,0,0,0,1,0,0,0,1,1,1,1,1,1
"982",616,34,1,1,17,1,0,1,0,1,1,0,0.528,3,3,4,4,3,7,7,0,1,1,0,1,0,1,0,1,0,1,1,1,0,1
"983",617,34,0,1,15,0,1,4,1,1,0,1,1.707,2,2,3,3,1,4,4,0,0,0,0,0,0,0,0,0,0,0,0,1,1,0
"984",618,34,0,1,17,0,0,3,1,1,1,0,-1.5775,1,3,2,4,3,7,8,0,0,1,0,0,0,1,0,0,0,1,1,1,1,1
"985",619,34,1,1,16,0,0,1,0,1,0,1,1.1915,2,2,3,3,3,6,10,0,0,0,0,0,0,0,0,0,0,1,1,1,0,0
"986",620,34,0,1,16,0,0,3,0,1,1,1,0.92,2,1,3,3,3,7,6,0,0,1,0,0,0,1,0,0,0,1,1,1,1,0
"987",621,34,0,0,17,0,0,2,1,1,1,1,1.707,2,2,4,5,4,9,7,0,1,1,0,0,1,1,0,0,1,1,1,1,1,0
"988",622,34,1,0,17,1,1,2,1,1,0,0,-1.16,4,3,4,6,3,11,10,2,1,1,1,1,0,1,1,0,0,1,1,1,0,1
"989",623,34,0,1,16,1,0,2,0,1,1,1,3.984,2,1,3,4,3,9,5,0,1,0,0,1,0,0,0,1,0,1,1,1,0,1
"990",624,34,0,1,16,0,0,4,1,1,1,1,1.4525,2,1,2,4,3,6,4,0,1,0,0,1,0,0,0,1,0,1,0,1,1,1
"991",625,34,1,0,17,1,1,2,1,1,1,1,-0.201499999999999,4,2,4,6,2,9,9,2,1,1,1,1,1,1,1,0,0,1,1,1,0,1
"992",626,34,1,1,17,1,1,4,1,1,0,0,-1.1685,1,3,4,6,3,8,7,0,0,0,0,0,0,0,0,0,0,1,1,0,0,1
"993",627,34,1,1,17,1,1,3,1,1,0,0,0.256500000000001,1,2,4,6,3,8,9,0,0,1,0,0,0,1,0,0,0,0,1,0,0,0
"994",628,34,1,0,14,0,0,2,0,1,0,1,0.0274999999999999,2,2,4,4,3,7,8,1,0,0,0,0,1,0,0,0,0,1,1,0,1,1
"995",629,34,0,0,16,0,0,3,1,0,1,1,1.8325,3,3,3,4,3,7,7,0,0,0,0,0,0,0,0,0,0,1,1,1,1,1
"996",630,34,1,1,16,0,0,4,1,1,1,1,3.171,3,1,2,4,2,7,6,3,1,1,1,1,1,0,0,0,1,1,1,1,1,1
"997",631,34,1,0,17,1,1,4,1,1,0,1,1.2405,3,2,3,6,2,9,11,0,1,0,0,1,0,0,0,1,0,1,1,0,1,0
"998",632,34,1,0,16,1,0,3,1,0,1,0,-1.0855,2,2,3,4,2,8,10,0,4,1,1,1,0,1,1,1,0,1,1,1,1,1
"999",633,34,0,1,16,0,0,4,1,0,1,0,3.7005,2,1,2,4,3,8,4,2,0,0,1,0,1,0,0,0,0,1,1,1,1,1
"1000",634,34,0,0,16,0,0,2,1,1,0,0,0.339500000000001,4,3,3,6,3,6,4,1,3,0,1,0,1,0,1,0,1,1,1,1,1,1
"1001",635,34,0,0,17,0,0,2,0,1,1,1,-1.0855,2,4,4,4,3,12,9,0,0,0,0,0,0,0,0,0,0,1,0,1,1,0
"1002",636,34,0,1,16,1,0,4,0,1,0,0,-0.685,1,2,4,3,5,9,6,0,0,0,0,0,0,0,0,0,0,1,0,0,0,0
"1003",637,34,0,0,17,1,1,2,0,1,0,0,1.6495,3,2,4,3,1,2,1,0,2,0,1,0,0,0,1,0,0,1,1,1,0,0
"1004",638,34,1,1,15,1,1,4,1,1,1,0,-0.693499999999998,1,2,3,6,3,9,7,0,1,1,0,1,0,0,0,1,0,1,1,1,1,1
"1005",639,34,0,1,17,0,0,2,1,1,1,1,1.461,2,2,3,2,4,6,9,0,0,0,0,0,0,0,0,0,0,1,1,1,1,0
"1006",640,34,1,0,16,1,1,3,1,0,0,1,0.74,1,2,2,4,3,10,7,1,1,0,1,0,1,0,0,0,1,1,1,0,0,1
"1007",641,35,0,1,16,1,1,2,0,0,0,0,0.470499999999999,1,2,3,4,1,4,6,0,1,0,0,1,0,0,0,1,0,1,1,0,1,0
"1008",642,35,1,1,18,0,0,2,1,1,1,1,0.74,2,2,3,3,4,6,8,0,0,0,0,0,0,0,0,0,0,1,1,0,1,0
"1009",643,35,1,0,18,1,0,4,0,1,0,0,0.256500000000001,2,3,3,5,3,9,8,0,2,1,1,0,1,1,1,0,1,1,1,1,0,0
"1010",644,35,0,0,16,0,0,1,0,1,0,1,2.428,3,2,4,6,3,9,9,2,0,0,1,1,0,0,0,0,0,1,1,1,0,1
"1011",645,35,1,1,17,1,0,4,0,1,0,1,1.4205,3,3,2,3,2,5,4,0,0,1,0,0,0,1,0,0,0,1,1,0,1,1
"1012",646,35,1,1,15,1,0,2,0,1,1,0,1.1745,1,4,3,6,3,6,2,1,0,0,0,0,0,0,0,0,0,1,1,0,0,1
"1013",647,35,1,0,16,0,0,2,0,1,1,1,1.97,3,2,3,3,3,7,6,0,1,1,0,0,1,1,0,0,1,1,0,1,0,0
"1014",648,35,1,0,16,0,0,2,0,0,1,1,2.9455,4,2,4,4,2,9,2,1,1,0,0,1,1,0,0,1,0,1,1,1,1,1
"1015",649,35,1,1,17,1,1,4,1,1,1,1,0.0274999999999999,3,2,3,3,3,9,11,0,0,0,0,0,0,0,0,0,0,0,1,1,1,1
"1016",650,35,0,0,15,0,0,3,1,0,0,0,-2.061,1,3,3,5,3,7,8,1,0,1,0,0,1,1,0,0,0,1,0,1,0,1
"1017",651,35,0,0,18,0,0,2,0,0,0,0,-1.3485,1,3,4,6,4,6,6,0,2,1,1,0,0,1,1,0,0,1,1,1,1,0
"1018",652,35,1,1,17,1,0,4,0,1,1,1,2.7795,3,4,2,4,4,7,10,3,0,1,1,0,1,1,0,0,0,1,0,0,1,1
"1019",653,35,1,1,16,0,0,4,1,1,1,1,2.345,1,2,3,5,4,6,3,1,0,1,0,0,0,0,0,0,0,1,1,1,1,1
"1020",654,35,1,1,17,0,0,4,1,1,1,0,4.939,4,2,2,4,1,1,5,3,1,1,1,0,1,1,0,0,1,1,1,1,1,0
"1021",655,35,1,0,17,0,0,2,1,1,0,1,1.1575,3,3,3,4,2,6,9,3,0,0,1,1,0,0,0,0,0,1,1,1,0,0
"1022",656,35,1,1,16,0,0,2,1,0,1,1,1.363,4,1,3,3,2,7,6,0,0,1,0,0,0,1,0,0,0,1,1,1,0,1
"1023",657,35,0,0,17,0,0,3,1,1,0,1,0.0274999999999999,3,1,2,1,3,6,2,0,0,0,0,0,0,0,0,0,0,1,0,1,1,0
"1024",658,35,0,0,16,1,0,1,0,0,1,1,2.788,1,3,4,5,3,7,7,0,1,1,1,0,0,1,1,0,0,1,1,1,0,1
"1025",659,35,0,1,17,0,0,4,1,1,0,1,2.3705,1,2,3,4,3,9,3,1,0,0,0,0,1,0,0,0,0,0,1,1,1,0
"1026",660,35,0,0,16,0,0,3,1,1,1,0,1.658,2,2,2,5,3,13,1,0,0,0,0,0,0,0,0,0,0,0,1,1,1,1
"1027",661,35,0,1,15,0,0,4,1,1,0,0,1.363,2,3,3,5,3,5,6,0,2,1,0,1,0,1,0,1,0,1,1,0,0,1
"1028",662,35,0,1,16,1,0,2,0,1,1,0,-0.241999999999999,1,2,3,4,3,11,10,0,0,0,0,0,0,0,0,0,0,1,1,0,0,1
"1029",663,35,1,0,16,0,0,2,1,0,1,1,-0.847999999999999,2,4,3,5,5,9,8,0,1,1,0,0,1,1,0,0,1,1,1,1,1,1
"1030",664,35,0,1,17,1,1,4,1,1,1,0,-0.922499999999999,1,3,4,5,3,9,3,0,0,0,0,0,0,0,0,0,0,0,1,1,0,0
"1031",665,35,1,0,19,0,0,4,1,1,1,0,0.9945,3,2,3,4,2,6,9,0,0,0,0,0,0,0,0,0,0,0,1,0,0,0
"1032",666,35,0,1,15,0,0,3,0,1,0,0,-0.3645,2,3,3,6,2,6,5,3,0,1,1,1,0,1,0,0,0,1,1,1,1,1
"1033",667,35,0,0,17,1,0,1,0,1,0,0,-3.0025,1,3,3,6,4,9,5,0,0,0,0,0,0,0,0,0,0,0,0,1,0,0
"1034",668,35,0,1,16,0,0,2,1,1,1,1,1.8325,3,2,2,4,4,7,8,2,0,0,1,1,0,0,0,0,0,1,0,1,1,1
"1035",669,35,0,0,16,1,0,2,0,0,1,0,0.470499999999999,4,1,3,4,4,9,3,1,2,0,1,1,1,0,0,1,1,1,1,1,1,1
"1036",670,35,1,0,16,0,0,2,1,1,1,1,-0.856499999999999,1,3,3,6,3,9,7,2,0,1,1,1,0,1,0,0,0,1,1,1,0,1
"1037",671,36,0,1,17,1,1,4,1,0,0,0,0.6995,4,3,4,5,3,8,10,0,2,0,0,0,1,0,0,0,1,1,1,1,0,0
"1038",672,36,0,1,16,1,1,3,1,0,0,0,0.5365,1,2,2,6,2,4,4,0,2,0,0,1,1,0,0,1,1,1,1,1,0,1
"1039",673,36,0,1,17,1,1,3,1,1,0,0,-1.0855,1,3,4,6,3,9,10,2,1,0,1,1,0,0,0,0,0,1,1,1,1,1
"1040",674,36,0,0,17,0,0,2,1,1,1,0,-0.6105,1,3,4,6,4,8,7,0,1,1,1,0,0,1,1,0,0,1,1,1,1,0
"1041",675,36,1,0,15,1,1,2,0,1,0,1,2.182,3,3,3,4,3,8,7,0,0,1,0,0,0,0,0,0,0,1,1,1,0,0
"1042",676,36,1,0,18,1,1,2,0,0,0,1,2.2245,3,3,3,4,1,10,7,0,1,0,1,0,0,0,1,0,0,1,0,0,0,0
"1043",677,36,0,0,18,0,0,1,1,0,1,0,1.395,2,3,3,5,3,8,6,0,0,0,0,0,0,0,0,0,0,1,0,1,0,1
"1044",678,36,1,1,16,0,0,4,0,1,0,0,0.0445000000000011,2,2,3,3,1,6,5,2,1,0,1,1,1,0,0,0,1,1,0,1,0,1
"1045",679,36,1,0,17,0,0,2,0,1,1,1,2.428,2,3,4,4,2,7,7,0,1,0,0,0,1,0,0,0,1,1,1,1,1,0
"1046",680,36,1,1,15,1,0,4,1,1,1,1,0.2905,3,2,1,3,2,6,4,1,2,1,0,1,1,1,0,1,1,1,1,0,1,1
"1047",681,36,1,1,16,0,0,3,1,0,0,1,2.6995,3,2,2,1,2,8,7,1,4,0,1,0,0,0,1,0,0,1,1,1,1,1
"1048",682,36,1,1,16,0,0,4,1,1,0,0,-1.5775,2,2,4,6,3,13,9,0,1,1,0,0,1,0,0,0,1,1,0,1,1,1
"1049",683,36,0,0,16,0,0,2,0,0,1,0,1.3065,2,2,3,5,2,2,2,0,0,0,0,0,0,0,0,0,0,0,1,1,1,0
"1050",684,36,1,0,16,0,0,4,1,0,1,1,0.9945,2,2,3,4,3,10,5,0,0,1,0,0,0,1,0,0,0,1,0,1,0,0
"1051",685,36,0,1,17,0,0,2,0,1,1,1,4.459,3,4,3,5,3,11,9,0,0,1,0,0,0,1,0,0,0,1,0,1,1,1
"1052",686,36,0,1,16,1,1,3,1,1,0,0,0.9115,1,3,4,6,3,7,8,0,0,0,0,0,0,0,0,0,0,1,1,1,1,1
"1053",687,36,1,1,16,0,0,4,1,1,1,0,-1.323,3,3,3,6,3,8,7,0,0,0,0,0,0,0,0,0,0,0,0,0,1,1
"1054",688,36,0,0,17,1,1,4,1,0,0,0,2.7795,2,2,4,6,2,8,8,0,0,0,0,0,0,0,0,0,0,0,1,0,0,1
"1055",689,36,1,1,15,1,1,3,0,1,0,0,2.625,1,4,4,6,2,7,13,0,0,0,0,0,0,0,0,0,0,1,1,1,1,1
"1056",690,36,1,1,15,1,1,3,0,1,0,0,0.470499999999999,3,1,3,3,3,8,8,0,0,0,0,0,0,0,0,0,0,1,1,0,0,1
"1057",691,36,0,1,16,1,0,2,1,0,1,1,2.9115,1,2,3,4,4,6,4,0,0,1,0,0,0,0,0,0,0,1,1,1,1,0
"1058",692,36,0,1,16,0,0,1,0,1,0,0,0.9115,3,3,4,4,4,9,10,0,2,1,1,0,1,1,1,0,1,1,1,1,1,1
"1059",693,36,1,1,17,1,1,2,1,0,1,1,0.674000000000001,3,1,1,3,3,7,12,0,0,0,0,0,0,0,0,0,0,0,1,1,1,1
"1060",694,36,0,0,16,0,0,4,0,1,0,0,3.2545,2,1,2,1,2,9,6,1,1,0,0,1,1,0,0,1,0,1,1,1,1,1
"1061",695,36,1,0,17,1,0,4,1,1,1,0,-1.1685,2,2,4,5,3,6,7,0,0,0,0,0,0,0,0,0,0,1,1,1,1,0
"1062",696,36,1,1,17,0,0,2,1,0,1,1,3.787,3,2,2,3,3,7,7,1,1,0,1,1,0,0,1,0,0,1,0,1,1,1
"1063",697,36,1,1,16,0,0,3,1,1,0,0,0.0445000000000011,1,4,4,4,3,8,2,1,1,1,1,0,1,0,1,0,0,1,1,0,1,1
"1064",698,36,0,0,17,0,0,4,1,1,0,1,1.6495,3,2,3,4,1,7,2,1,1,1,1,0,1,1,0,0,1,1,1,0,0,1
"1065",699,36,0,1,16,1,0,4,1,1,1,0,4.8965,4,3,3,6,1,1,2,1,0,1,0,1,0,1,0,0,0,0,0,1,0,1
"1066",700,36,0,0,15,1,1,2,1,0,0,1,0.0274999999999999,1,2,3,6,3,12,7,3,0,0,0,1,1,0,0,0,0,1,1,1,1,1
"1067",701,37,0,0,16,0,0,2,0,1,0,1,2.0755,3,3,4,5,2,7,4,2,1,0,1,1,1,0,0,0,1,1,1,1,0,1
"1068",702,37,1,0,16,0,0,3,1,0,1,0,-1.586,3,3,3,4,3,7,6,0,0,1,0,0,0,1,0,0,0,0,0,1,0,1
"1069",703,37,0,0,17,0,0,3,0,1,0,0,2.625,2,4,4,6,4,8,7,0,4,1,0,0,1,0,1,0,1,0,0,1,1,0
"1070",704,37,0,1,17,1,1,4,1,1,1,0,0.6995,1,2,3,5,3,3,6,0,0,0,0,0,0,0,0,0,0,1,1,1,1,0
"1071",705,37,0,0,17,0,0,2,1,1,0,1,-0.685,3,3,4,3,3,4,6,0,0,0,0,0,0,0,0,0,0,1,0,0,0,0
"1072",706,37,1,0,16,0,0,2,0,1,0,0,3.3055,4,2,4,3,2,7,5,5,0,1,1,1,1,1,0,0,0,1,1,1,1,1
"1073",707,37,0,1,16,0,0,4,0,1,1,0,4.05,3,3,4,6,2,6,2,3,1,1,1,1,1,0,0,0,1,1,0,1,0,1
"1074",708,37,0,0,17,0,0,3,1,1,0,0,-0.847999999999999,2,2,4,3,3,11,12,1,0,0,0,0,1,0,0,0,0,1,1,1,1,0
"1075",709,37,1,1,16,1,1,3,0,0,1,1,0.92,2,2,3,3,3,6,6,0,1,0,1,0,0,0,1,0,0,1,1,1,1,0
"1076",710,37,1,0,17,0,0,3,1,0,1,1,2.379,3,2,1,4,2,5,8,1,1,0,0,1,1,0,0,1,0,1,1,1,1,1
"1077",711,37,0,1,15,1,0,4,0,1,1,1,-1.1685,1,3,3,5,3,6,6,0,0,1,0,0,0,1,0,0,0,1,1,1,0,0
"1078",712,37,1,0,17,1,1,2,1,1,0,0,-0.118499999999999,2,3,4,6,3,10,8,0,0,0,0,0,0,0,0,0,0,1,1,1,1,0
"1079",713,37,0,1,16,1,1,3,1,1,1,0,2.771,1,3,3,6,3,6,8,0,0,0,0,0,0,0,0,0,0,1,1,0,0,0
"1080",714,37,0,0,16,0,0,2,1,0,1,0,-1.3485,1,3,3,6,3,9,7,0,0,1,0,0,0,1,0,0,0,1,1,1,1,0
"1081",715,37,1,0,18,0,0,1,0,1,1,0,0.256500000000001,1,2,3,4,3,4,7,0,0,0,0,0,0,0,0,0,0,1,1,1,1,0
"1082",716,37,1,0,17,0,0,4,0,0,1,0,3.967,2,1,2,4,3,9,7,0,3,1,1,0,1,1,1,0,1,1,1,1,1,1
"1083",717,37,0,0,16,0,0,2,0,0,1,1,-0.1525,2,2,3,4,3,10,6,0,0,0,0,0,0,0,0,0,0,1,1,1,1,0
"1084",718,37,1,0,16,0,0,2,0,1,1,1,3.7955,2,1,2,3,3,7,4,2,0,0,1,0,0,0,0,0,0,1,1,1,1,1
"1085",719,37,1,1,18,1,1,3,0,0,0,0,-2.5275,1,3,4,3,4,9,6,1,1,0,1,0,1,0,0,0,1,1,1,1,0,1
"1086",720,37,1,0,15,1,1,2,1,1,1,0,0.0274999999999999,1,2,4,6,3,7,11,1,0,1,0,0,0,1,0,0,0,1,1,0,0,1
"1087",721,37,0,0,15,1,1,3,1,1,0,0,1.841,2,3,4,6,1,4,7,1,0,0,0,0,0,0,0,0,0,1,1,1,1,1
"1088",722,37,1,1,16,1,1,2,0,0,0,0,0.5025,2,3,3,4,2,6,6,1,0,0,0,0,0,0,0,0,0,1,1,0,0,1
"1089",723,37,0,1,17,1,0,4,1,0,1,0,3.575,2,3,4,6,3,5,1,3,1,1,1,1,1,1,0,0,1,1,1,1,1,1
"1090",724,37,0,0,17,1,1,3,0,1,0,0,-1.1025,3,3,3,5,2,9,4,0,0,0,0,0,0,0,0,0,0,1,1,0,1,0
"1091",725,37,0,0,16,1,0,2,1,0,1,0,1.936,2,2,1,1,1,5,1,0,0,0,0,0,0,0,0,0,0,0,1,1,1,0
"1092",726,37,1,1,18,0,0,2,1,1,1,0,-1.0855,2,3,3,5,3,9,11,0,0,0,0,0,0,0,0,0,0,1,1,1,1,0
"1093",727,37,1,1,17,1,0,4,0,1,1,0,1.953,3,2,3,3,1,7,4,0,1,0,0,0,1,0,0,0,1,1,0,0,0,1
"1094",728,37,1,1,17,0,0,4,1,1,1,0,-1.3315,2,1,4,6,3,8,7,0,0,0,0,0,0,0,0,0,0,1,1,1,1,0
"1095",729,37,0,1,17,0,0,2,0,1,0,0,-0.464499999999999,1,3,4,5,3,1,6,0,4,1,1,0,0,0,1,1,0,1,1,1,1,0
"1096",730,37,1,1,16,1,0,2,1,0,1,1,3.492,4,2,2,3,2,4,1,0,1,0,0,0,1,0,0,0,1,1,1,1,1,1
"1097",731,38,1,1,18,0,0,2,0,1,0,0,4.2555,4,2,3,1,1,5,6,0,1,0,1,0,0,0,1,0,0,1,1,1,0,1
"1098",732,38,1,1,16,0,0,4,1,1,1,1,0.398999999999999,2,2,2,4,4,8,11,1,1,1,1,1,0,1,1,0,0,1,1,1,0,1
"1099",733,38,0,0,15,0,0,1,1,0,1,1,1.232,4,3,4,6,2,5,1,0,2,1,0,0,1,1,0,0,1,1,0,1,0,1
"1100",734,38,1,0,15,1,0,4,1,1,1,0,-0.856499999999999,1,4,3,6,3,7,8,0,2,1,1,0,1,1,1,0,1,1,1,0,0,1
"1101",735,38,0,1,18,1,1,2,1,1,0,1,4.459,3,2,3,3,2,6,7,3,1,1,1,1,1,1,0,1,0,1,1,1,0,1
"1102",736,38,1,0,15,0,0,2,1,0,1,0,4.459,2,2,3,5,2,11,7,0,3,1,0,0,1,0,0,0,1,0,0,0,1,1
"1103",737,38,0,1,16,1,1,2,0,0,1,0,3.034,2,2,3,3,2,5,4,0,0,0,0,0,0,0,0,0,0,1,0,0,0,1
"1104",738,38,1,1,17,0,0,3,1,0,1,1,0.986000000000001,2,1,2,5,2,7,3,0,0,0,0,0,0,0,0,0,0,1,0,1,1,0
"1105",739,38,0,0,16,0,0,2,1,0,1,1,0.7315,3,2,4,6,2,9,9,0,0,0,0,0,0,0,0,0,0,1,0,1,1,0
"1106",740,38,1,1,16,0,0,4,1,1,1,0,0.708,2,3,3,6,3,6,9,0,0,1,0,0,0,1,0,0,0,1,1,0,0,1
"1107",741,38,0,1,16,0,0,2,1,0,0,1,0.9945,4,4,2,4,3,5,8,1,1,1,0,1,1,1,0,0,1,0,0,0,0,0
"1108",742,38,1,1,18,0,0,4,0,1,0,0,0.5365,4,2,2,4,3,3,7,0,2,0,0,1,1,0,0,1,1,1,1,0,1,1
"1109",743,38,1,0,17,0,0,1,0,0,1,0,-1.5605,1,3,4,6,5,9,11,0,1,1,0,0,1,0,0,0,1,1,1,0,1,0
"1110",744,38,0,0,15,0,0,4,1,1,1,1,0.6995,1,2,3,6,3,7,3,0,0,1,0,0,0,1,0,0,0,1,1,1,1,0
"1111",745,38,0,0,17,1,0,2,0,0,1,0,2.625,3,4,4,6,3,8,6,0,1,0,0,1,0,0,0,1,0,1,1,1,0,1
"1112",746,38,1,1,17,0,0,2,1,0,1,1,-0.464499999999999,4,2,2,4,3,10,8,0,1,1,0,1,0,1,0,1,0,1,1,0,1,1
"1113",747,38,1,1,17,0,0,4,1,1,1,1,1.461,3,2,3,3,1,6,8,0,1,1,0,0,1,1,0,0,1,0,1,0,0,1
"1114",748,38,1,1,17,0,0,4,1,0,0,0,1.4205,2,3,3,6,3,7,7,0,1,0,0,0,1,0,0,0,1,1,0,1,0,0
"1115",749,38,0,1,17,0,0,2,1,1,1,0,-2.044,1,3,2,5,5,11,6,0,0,1,0,0,0,1,0,0,0,1,0,0,0,0
"1116",750,38,0,0,17,0,0,2,1,0,0,1,4.2555,3,3,2,3,2,6,1,3,0,0,1,1,0,0,0,0,0,1,0,1,0,1
"1117",751,38,1,1,17,1,0,3,1,1,0,0,0.2735,2,3,3,3,3,8,9,0,0,0,0,0,0,0,0,0,0,1,1,1,1,0
"1118",752,38,1,0,16,1,1,4,1,1,0,0,-3.011,2,3,4,6,4,11,7,0,0,1,0,0,0,0,0,0,0,1,1,0,0,0
"1119",753,38,0,0,17,0,0,2,1,1,0,0,0.691000000000001,3,2,3,5,2,8,12,0,0,0,0,0,0,0,0,0,0,1,1,1,1,1
"1120",754,38,0,1,15,1,1,2,0,1,0,0,-0.241999999999999,2,3,3,5,1,4,1,0,0,0,0,0,0,0,0,0,0,0,1,1,0,1
"1121",755,38,0,1,16,1,1,3,1,1,0,0,1.478,2,3,4,5,3,6,4,0,1,0,0,0,1,0,0,0,1,1,1,1,1,0
"1122",756,38,0,1,17,1,1,1,1,1,0,1,1.724,2,3,4,6,3,6,8,0,1,0,0,1,0,0,0,1,0,1,1,1,0,0
"1123",757,38,0,1,18,1,1,2,0,1,0,0,-1.16,2,3,3,6,3,8,9,2,2,1,1,1,1,1,1,0,1,1,0,1,0,0
"1124",758,38,0,1,17,0,0,4,1,1,1,0,-0.193,2,2,3,5,3,7,5,0,2,0,0,0,1,0,0,0,1,1,1,1,1,1
"1125",759,38,1,0,16,0,0,2,1,1,1,1,1.4525,4,1,4,4,1,7,2,1,0,0,0,0,0,0,0,0,0,1,1,1,0,0
"1126",760,38,1,0,15,1,1,4,1,0,1,1,6.1725,4,3,4,6,1,6,8,1,1,0,0,1,1,0,0,1,0,1,1,0,1,1
"1127",761,39,1,1,16,1,1,2,1,1,1,0,-2.044,1,3,4,6,4,9,8,0,0,1,0,0,0,1,0,0,0,1,0,1,0,0
"1128",762,39,1,1,16,1,1,1,1,0,1,0,1.2235,1,3,4,6,3,7,2,0,0,0,0,0,0,0,0,0,0,1,1,1,1,0
"1129",763,39,1,1,16,0,0,2,0,1,0,1,4.476,3,2,1,3,2,1,3,1,2,1,0,1,1,0,0,1,1,1,1,1,1,1
"1130",764,39,1,1,15,0,0,2,1,1,1,0,0.1105,3,2,4,6,3,7,11,1,2,1,1,1,0,1,1,1,0,1,1,1,0,1
"1131",765,39,1,0,16,0,0,4,1,1,1,1,3.3205,1,3,3,6,3,9,10,3,0,1,1,1,0,0,0,0,0,1,1,1,1,1
"1132",766,39,0,0,15,0,0,2,1,0,1,0,0.545,1,4,4,6,3,8,7,1,0,1,0,0,1,1,0,0,0,0,1,1,1,1
"1133",767,39,0,0,18,1,1,1,0,1,1,1,1.887,2,3,4,6,3,10,10,0,0,0,0,0,0,0,0,0,0,1,1,1,1,0
"1134",768,39,1,0,18,1,0,4,1,1,0,0,-1.0855,1,3,4,6,5,10,7,0,0,0,0,0,0,0,0,0,0,1,1,1,1,0
"1135",769,39,1,0,15,1,0,4,0,0,1,0,4.296,3,3,4,6,1,5,6,0,3,1,1,1,1,1,1,1,1,1,1,0,0,1
"1136",770,39,0,0,17,0,0,2,0,1,1,1,0.708,3,4,4,5,3,9,1,0,0,1,0,0,0,1,0,0,0,1,0,0,0,1
"1137",771,39,1,0,17,0,0,4,1,1,1,0,3.263,2,1,3,5,5,10,9,0,0,0,0,0,0,0,0,0,0,1,1,1,1,1
"1138",772,39,0,0,17,1,0,3,0,0,0,0,0.757,2,2,3,3,2,9,7,0,0,0,0,0,0,0,0,0,0,0,1,1,0,0
"1139",773,39,0,1,18,0,0,2,1,1,0,0,0.765500000000001,4,1,3,4,3,8,1,0,1,0,1,0,0,0,1,0,0,1,1,1,1,0
"1140",774,39,0,1,16,0,0,2,1,0,0,0,0.265000000000001,2,3,3,5,3,4,8,0,0,0,0,0,0,0,0,0,0,0,1,1,0,0
"1141",775,39,0,0,15,1,0,2,0,0,1,0,2.2245,1,2,3,5,2,8,6,0,0,0,0,0,0,0,0,0,0,0,1,1,0,1
"1142",776,39,1,1,16,0,0,4,1,1,1,1,0.7805,3,1,2,4,2,1,1,0,1,0,0,1,0,0,0,1,0,1,1,1,1,0
"1143",777,39,0,0,16,0,0,1,1,0,1,1,4.0125,4,3,3,3,2,8,14,1,0,1,0,0,0,1,0,0,0,1,1,0,1,0
"1144",778,39,0,1,16,1,0,2,1,0,1,1,2.591,3,2,2,4,2,4,5,0,2,0,0,1,0,0,0,1,0,1,1,1,0,1
"1145",779,39,0,1,17,1,1,2,1,0,1,1,1.395,2,1,2,4,3,7,3,1,1,0,0,1,0,0,0,1,0,1,1,1,0,1
"1146",780,39,0,1,17,1,0,4,1,1,0,0,-0.118499999999999,2,2,2,3,3,10,1,1,0,1,0,0,0,1,0,0,0,1,1,1,0,1
"1147",781,39,0,1,17,1,0,1,0,1,1,0,-0.3645,1,3,3,4,3,1,4,0,0,0,0,0,0,0,0,0,0,1,1,0,1,0
"1148",782,39,1,0,16,1,0,2,0,1,1,0,-0.201499999999999,2,2,2,1,3,8,10,0,1,1,0,1,0,0,0,1,0,1,1,0,1,1
"1149",783,39,1,0,16,0,0,2,1,1,1,0,2.4195,4,3,3,3,2,10,9,3,1,1,1,0,1,1,1,0,0,1,1,1,0,1
"1150",784,39,0,1,16,1,1,3,0,1,0,0,2.7965,1,3,4,5,2,13,6,1,1,1,1,0,0,1,1,0,0,1,0,1,0,0
"1151",785,39,1,1,16,1,1,2,1,0,1,0,1.395,1,3,4,6,4,10,11,0,0,0,0,0,0,0,0,0,0,1,1,1,1,1
"1152",786,39,0,0,15,0,0,4,0,1,1,0,-1.8235,1,3,4,5,3,7,2,2,1,1,1,1,1,1,1,0,0,1,1,0,0,1
"1153",787,39,0,0,16,1,1,2,1,1,1,1,-0.4475,1,3,4,6,3,6,8,0,0,1,0,0,0,1,0,0,0,1,1,1,1,1
"1154",788,39,1,1,16,0,0,2,0,1,1,0,-0.372999999999999,2,3,3,4,3,4,7,0,1,1,1,0,0,1,1,0,0,1,0,0,0,1
"1155",789,39,1,1,16,0,0,4,1,0,1,0,3.034,2,1,2,5,2,7,6,0,2,1,0,1,1,1,0,1,1,1,0,1,1,1
"1156",790,39,1,1,17,0,0,2,1,1,1,0,0.765500000000001,2,2,3,4,1,5,5,1,1,1,1,0,0,1,1,0,0,1,1,1,1,0
"1157",791,40,1,0,17,0,0,4,1,0,1,0,2.625,2,2,4,6,3,7,11,1,1,1,1,0,1,1,0,0,1,1,0,1,1,0
"1158",792,40,1,0,17,0,0,2,1,1,1,0,-0.276,1,2,4,6,3,10,7,1,0,1,1,0,0,1,0,0,0,1,1,0,0,0
"1159",793,40,1,0,16,0,0,2,1,1,1,1,-0.1525,3,3,3,6,3,8,4,0,1,1,0,1,0,1,0,1,0,1,1,0,1,1
"1160",794,40,0,0,17,0,0,2,0,0,0,1,2.362,2,3,3,6,3,5,6,2,0,0,1,1,0,0,0,0,0,1,1,1,0,1
"1161",795,40,1,0,17,1,0,3,1,0,1,0,-1.34,1,3,4,6,2,8,5,0,0,0,0,0,0,0,0,0,0,1,1,1,0,0
"1162",796,40,1,0,15,0,0,4,1,1,1,0,-0.456,1,1,3,6,3,10,4,1,0,0,0,0,1,0,0,0,1,0,1,1,1,0
"1163",797,40,1,1,18,1,0,4,0,0,1,1,1.495,4,3,3,4,4,8,6,1,0,1,1,0,0,1,1,0,0,1,1,1,0,0
"1164",798,40,0,1,15,0,0,4,1,1,1,0,4.939,2,1,3,1,1,1,2,0,0,0,0,0,0,0,0,0,0,0,1,1,1,0
"1165",799,40,0,0,17,1,0,4,0,1,0,0,-0.464499999999999,1,3,3,3,3,9,8,0,0,0,0,0,0,0,0,0,0,1,1,1,0,1
"1166",800,40,0,1,15,0,0,4,1,1,0,0,-0.356,2,2,3,5,3,7,4,1,1,1,0,1,1,0,0,1,0,0,0,1,1,1
"1167",801,40,0,0,17,1,0,4,1,0,1,0,1.658,1,2,2,3,3,9,7,0,0,0,0,0,0,0,0,0,0,1,1,0,0,0
"1168",802,40,1,0,17,0,0,4,1,1,0,0,1.8955,2,1,3,3,3,7,6,0,0,0,0,0,0,0,0,0,0,1,1,0,0,0
"1169",803,40,0,1,15,0,0,4,1,1,1,1,3.7465,2,2,3,4,1,6,2,0,0,0,0,0,0,0,0,0,0,0,1,1,1,0
"1170",804,40,0,1,18,0,0,3,0,0,0,0,0.691000000000001,3,2,2,1,1,9,6,0,4,0,0,1,1,0,0,1,1,1,1,0,1,0
"1171",805,40,1,0,17,0,0,2,1,1,0,0,0.339500000000001,2,3,4,5,3,9,10,0,0,0,0,0,0,0,0,0,0,1,1,1,1,1
"1172",806,40,1,1,16,1,1,2,1,1,0,0,2.2245,1,3,3,5,3,6,7,0,0,0,0,0,0,0,0,0,0,1,1,0,0,1
"1173",807,40,0,1,16,0,0,4,0,1,0,0,1.2405,1,2,2,3,3,7,10,0,0,0,0,0,0,0,0,0,0,1,1,1,1,1
"1174",808,40,1,1,15,0,0,2,1,1,1,0,1.1285,1,3,4,6,3,6,7,1,0,1,0,1,0,1,0,0,0,1,1,1,0,1
"1175",809,40,0,1,17,1,0,2,0,0,0,0,1.6495,2,2,2,3,2,9,6,0,1,0,0,0,1,0,0,0,1,1,1,1,1,0
"1176",810,40,0,0,16,1,1,2,1,1,0,0,0.9115,1,3,4,6,3,8,3,0,1,0,1,0,0,0,1,0,0,0,1,1,1,0
"1177",811,40,1,0,17,0,0,4,0,0,1,0,0.1105,3,3,4,6,3,8,12,0,1,1,0,0,1,1,0,0,1,1,0,0,0,1
"1178",812,40,1,1,17,1,0,2,1,1,0,0,-0.856499999999999,3,3,4,5,3,5,7,1,0,1,0,1,0,0,0,0,0,1,1,1,0,1
"1179",813,40,0,1,17,1,1,2,0,0,0,1,3.9925,2,3,3,3,2,4,9,0,0,0,0,0,0,0,0,0,0,1,1,0,0,0
"1180",814,40,0,0,16,0,0,3,1,0,0,0,0.9945,2,3,3,6,3,9,9,0,1,1,1,0,0,1,1,0,0,1,1,1,0,0
"1181",815,40,1,1,16,0,0,3,1,1,1,1,3.7005,3,1,2,4,3,8,3,3,0,1,1,0,1,1,0,0,0,1,0,1,1,1
"1182",816,40,0,1,17,0,0,4,1,1,0,0,1.1405,2,1,2,3,3,8,7,3,0,0,1,0,1,0,0,0,0,1,1,1,1,1
"1183",817,40,1,0,15,0,0,2,0,1,1,1,1.478,3,1,3,3,1,9,7,0,1,0,0,1,0,0,0,1,0,1,1,1,0,0
"1184",818,40,0,1,17,0,0,2,1,1,0,1,1.9125,4,2,3,3,3,8,3,0,0,0,0,0,0,0,0,0,0,1,1,1,1,0
"1185",819,40,0,0,15,0,0,4,1,1,1,0,-0.6275,1,3,3,6,4,8,9,0,0,0,0,0,0,0,0,0,0,1,1,1,1,0
"1186",820,40,1,0,16,1,0,1,0,0,1,0,-0.201499999999999,2,3,3,5,3,6,2,0,0,1,0,0,0,1,0,0,0,1,0,1,0,0
"1187",821,41,0,1,17,1,1,4,1,1,0,0,-3.24,3,3,3,6,4,9,5,0,0,0,0,0,0,0,0,0,0,0,0,0,1,0
"1188",822,41,0,1,16,1,1,4,1,1,0,0,0.9115,2,3,3,4,1,6,2,2,1,0,1,1,1,0,0,0,1,0,1,1,1,1
"1189",823,41,0,1,16,0,0,4,1,1,1,0,0.691000000000001,1,3,3,6,3,5,7,3,0,1,1,1,0,1,0,0,0,1,0,0,1,1
"1190",824,41,0,0,15,0,0,4,1,1,0,0,1.149,1,3,4,6,3,7,4,1,1,1,1,0,1,1,1,0,0,1,1,1,0,1
"1191",825,41,1,0,15,1,0,2,0,0,1,0,2.182,1,3,3,5,3,7,7,0,1,1,1,0,0,1,1,0,0,1,1,1,0,1
"1192",826,41,1,0,16,1,1,1,0,0,1,0,2.479,3,3,4,3,3,9,12,0,0,1,0,0,0,1,0,0,0,1,1,1,0,1
"1193",827,41,1,0,16,1,0,4,1,1,1,0,0.1105,2,2,3,5,1,6,4,0,1,0,1,0,0,0,1,0,0,1,1,1,0,1
"1194",828,41,1,1,16,0,0,4,0,1,0,1,1.478,2,1,3,5,2,6,6,3,1,0,1,1,1,0,0,1,0,1,1,1,1,1
"1195",829,41,1,1,17,0,0,3,0,1,0,0,1.2405,3,3,4,5,3,9,7,0,0,1,0,0,0,0,0,0,0,1,0,0,0,0
"1196",830,41,1,1,17,0,0,4,1,1,1,0,1.2235,1,2,1,3,4,8,8,3,0,1,1,1,0,0,0,0,0,1,1,0,1,1
"1197",831,41,1,0,15,1,0,3,1,1,1,0,-0.619,1,2,3,6,3,9,6,0,0,1,0,0,0,0,0,0,0,1,1,1,1,0
"1198",832,41,0,1,15,1,1,4,1,1,0,0,-0.218500000000001,1,2,4,5,2,6,5,0,1,0,0,0,1,0,0,0,1,1,1,1,0,0
"1199",833,41,0,1,15,1,0,4,1,1,0,1,2.591,2,2,3,6,2,6,5,1,3,1,0,1,1,0,0,1,1,1,1,0,1,1
"1200",834,41,0,0,16,1,1,2,1,1,0,1,1.1575,2,3,4,6,2,6,6,0,1,0,1,0,0,0,1,0,0,1,1,1,0,0
"1201",835,41,0,1,17,0,0,3,1,1,0,1,4.2555,4,3,4,1,1,4,4,1,0,0,0,0,0,0,0,0,0,0,1,1,0,0
"1202",836,41,0,0,17,1,0,4,0,1,0,0,-0.922499999999999,1,3,4,6,3,7,8,0,0,1,0,0,0,1,0,0,0,1,1,0,1,1
"1203",837,41,0,0,15,0,0,4,1,1,0,0,-2.373,1,3,3,5,1,9,5,0,0,0,0,0,0,0,0,0,0,1,1,1,0,1
"1204",838,41,0,1,17,0,0,2,1,1,1,1,0.545,2,3,4,6,4,8,9,0,0,1,0,0,0,1,0,0,0,1,0,1,1,0
"1205",839,41,0,0,17,1,0,2,1,1,0,0,2.2245,1,3,4,3,2,9,8,0,2,0,1,0,0,0,1,0,0,1,1,1,0,1
"1206",840,41,0,1,15,0,0,2,1,0,1,1,1.724,3,2,4,4,3,6,3,0,0,1,0,0,0,0,0,0,0,1,0,1,0,0
"1207",841,41,1,1,18,0,0,2,1,1,1,1,5.085,3,1,1,3,2,4,7,0,1,1,1,0,0,1,1,0,0,1,1,1,0,0
"1208",842,41,1,1,16,1,0,3,1,1,0,0,2.3705,1,3,3,6,2,7,1,0,2,0,0,0,1,0,0,0,1,1,1,0,1,1
"1209",843,41,1,0,15,0,0,3,1,1,1,0,1.887,2,2,3,3,1,7,5,1,1,0,1,0,1,0,0,0,1,1,1,1,0,1
"1210",844,41,1,0,17,0,0,4,1,1,1,1,1.953,3,3,2,5,2,7,7,0,2,0,1,0,1,0,1,0,1,1,1,1,1,1
"1211",845,41,1,1,16,1,1,4,1,0,1,0,2.788,4,1,2,3,3,7,10,0,1,0,0,1,0,0,0,1,0,1,1,1,0,1
"1212",846,41,1,0,16,0,0,2,0,0,0,0,-0.356,2,3,4,4,3,9,11,0,1,0,0,0,1,0,0,0,1,1,1,0,1,0
"1213",847,41,1,1,15,0,0,4,1,1,1,0,0.298999999999999,1,2,2,4,1,7,2,1,0,1,0,0,0,1,0,0,0,1,1,0,1,1
"1214",848,41,0,0,17,0,0,3,0,0,0,1,2.7965,3,3,3,5,3,4,6,0,2,0,0,0,1,0,0,0,1,1,1,1,1,1
"1215",849,41,1,0,16,0,0,2,1,1,1,1,0.765500000000001,2,3,3,4,4,11,11,0,1,1,1,0,0,1,1,0,0,1,1,0,0,1
"1216",850,41,0,0,16,0,0,3,0,1,0,0,0.74,3,2,3,4,2,6,1,0,2,0,0,1,1,0,0,1,1,1,0,1,1,1
"1217",851,42,0,1,16,0,0,2,1,1,1,1,4.0295,2,3,4,4,3,11,3,1,0,0,0,1,0,0,0,0,0,0,0,1,0,1
"1218",852,42,0,1,17,0,0,4,1,1,0,0,1.4205,1,2,2,3,3,6,4,0,0,0,0,0,0,0,0,0,0,0,1,1,1,0
"1219",853,42,0,0,17,0,0,1,0,0,1,0,1.724,1,3,4,6,3,9,8,0,0,0,0,0,0,0,0,0,0,1,0,1,1,0
"1220",854,42,1,1,17,0,0,2,1,1,0,0,1.478,2,1,2,4,1,6,7,1,1,0,1,0,1,0,0,0,1,1,1,1,0,0
"1221",855,42,0,0,16,1,0,2,0,1,1,0,3.1085,2,2,4,5,1,6,5,0,1,0,0,1,0,0,0,1,0,1,1,1,0,0
"1222",856,42,1,1,18,1,1,3,1,1,0,0,1.9125,1,3,3,5,3,10,5,0,0,0,0,0,0,0,0,0,0,1,1,0,0,0
"1223",857,42,1,1,15,1,1,4,1,1,0,1,1.1915,2,2,4,6,2,8,4,0,0,1,0,0,0,1,0,0,0,1,1,0,0,1
"1224",858,42,1,1,16,0,0,2,0,1,0,1,-0.3645,2,3,3,3,3,11,8,0,0,1,0,0,0,0,0,0,0,1,1,0,1,1
"1225",859,42,0,1,18,0,1,2,0,0,0,1,-0.3645,4,3,3,4,3,10,5,0,0,0,0,0,0,0,0,0,0,0,0,1,1,0
"1226",860,42,1,0,18,0,0,2,0,1,1,1,2.428,4,2,3,5,3,4,11,0,0,0,0,0,0,0,0,0,0,1,0,0,1,0
"1227",861,42,0,0,15,0,0,4,1,1,0,0,-0.693499999999998,3,3,4,5,3,9,7,0,1,0,0,0,1,0,0,0,1,1,1,1,1,1
"1228",862,42,0,1,16,1,1,2,1,1,0,1,3.263,3,2,3,5,1,5,4,0,1,0,0,1,0,0,0,1,0,0,1,1,1,1
"1229",863,42,1,1,16,1,1,2,1,1,1,0,-1.8065,3,3,4,6,3,6,8,0,1,1,0,1,0,1,0,1,0,1,1,1,0,1
"1230",864,42,0,1,17,1,1,4,1,1,0,0,0.119,1,3,3,4,3,7,7,0,0,0,0,0,0,0,0,0,0,1,1,0,1,0
"1231",865,42,1,1,15,0,0,2,0,1,1,1,1.478,2,4,3,4,3,7,9,0,0,1,0,0,0,0,0,0,0,1,1,0,1,1
"1232",866,42,1,1,17,1,1,1,1,0,1,1,1.1915,3,1,2,3,3,9,4,0,1,0,0,0,1,0,0,0,1,1,1,0,1,1
"1233",867,42,0,1,15,1,0,2,1,1,1,1,3.804,3,3,3,4,3,2,5,1,0,0,0,0,0,0,0,0,0,1,1,0,1,0
"1234",868,42,0,1,17,0,0,2,1,1,0,0,1.395,3,3,4,5,2,6,5,1,0,1,0,0,0,1,0,0,0,1,1,1,1,0
"1235",869,42,1,0,18,1,1,2,1,0,1,1,3.2915,4,2,3,3,1,9,7,2,1,0,0,1,1,0,0,1,0,0,0,0,1,1
"1236",870,42,1,1,17,0,0,3,1,0,0,0,-1.0855,4,2,4,4,1,7,9,0,0,0,0,0,0,0,0,0,0,1,1,1,0,1
"1237",871,42,1,1,17,0,0,4,1,1,1,0,-0.456,2,1,1,4,2,8,6,0,0,0,0,0,0,0,0,0,0,0,1,1,1,0
"1238",872,42,0,0,14,0,0,1,1,1,0,1,3.7955,2,1,2,1,2,4,1,0,1,0,1,0,0,0,1,0,0,1,1,1,0,0
"1239",873,42,0,1,17,0,0,3,1,0,0,0,-1.8235,2,2,4,6,3,7,6,0,0,0,0,0,0,0,0,0,0,1,1,1,1,0
"1240",874,42,0,0,16,0,0,2,1,1,0,1,2.6335,4,2,3,4,2,5,9,0,0,0,0,0,0,0,0,0,0,0,1,1,0,0
"1241",875,42,1,1,16,0,0,2,1,1,1,1,0.8315,3,1,2,3,3,6,4,3,1,0,1,1,1,0,0,1,0,1,1,1,1,1
"1242",876,42,1,1,18,1,1,3,1,1,1,0,2.608,1,3,4,6,2,4,2,0,0,1,0,0,0,0,0,0,0,1,1,0,1,0
"1243",877,42,1,1,15,1,0,4,1,1,1,0,0.708,2,2,3,5,3,8,6,0,1,0,0,1,0,0,0,1,0,1,1,1,1,1
"1244",878,42,0,0,15,1,1,2,0,1,0,1,2.479,4,3,4,5,1,5,4,0,1,0,0,1,0,0,0,1,0,1,1,1,0,1
"1245",879,42,1,1,17,1,1,2,1,1,0,0,-0.922499999999999,2,3,3,6,3,11,12,0,1,0,1,0,0,0,1,0,0,1,1,1,0,0
"1246",880,42,0,1,15,1,1,2,0,1,1,1,-0.118499999999999,2,4,4,6,4,11,3,1,0,0,0,0,1,0,0,0,0,1,0,1,1,1
"1247",881,43,0,1,17,0,0,2,0,1,1,1,3.5175,3,4,4,3,3,8,8,1,0,0,0,1,0,0,0,0,0,1,1,1,1,0
"1248",882,43,0,0,17,1,1,2,1,1,0,0,0.0274999999999999,3,2,4,4,3,4,1,0,1,0,1,0,0,0,1,0,0,0,1,1,1,1
"1249",883,43,1,0,17,1,1,2,1,0,1,0,-0.856499999999999,2,3,4,6,3,9,10,0,0,0,0,0,0,0,0,0,0,1,1,0,1,0
"1250",884,43,1,0,15,1,1,2,1,1,1,1,1.1405,2,3,4,6,2,9,4,0,0,0,0,0,0,0,0,0,0,1,0,1,0,1
"1251",885,43,0,1,17,0,0,3,1,1,0,0,-2.765,1,3,3,6,3,8,6,0,1,1,0,0,1,0,0,0,1,0,0,0,1,0
"1252",886,43,1,0,16,0,0,4,1,1,1,0,0.674000000000001,1,2,3,3,3,8,10,0,2,1,1,0,0,1,1,0,0,1,1,1,1,1
"1253",887,43,0,0,17,1,1,2,1,1,0,0,0.1105,2,3,4,6,3,8,8,0,0,0,0,0,0,0,0,0,0,0,0,1,1,0
"1254",888,43,0,1,19,0,0,1,1,0,0,1,-0.619,2,3,3,4,4,9,9,1,1,0,1,0,1,0,0,0,1,1,1,1,1,0
"1255",889,43,1,0,15,0,0,4,1,0,0,0,0.765500000000001,4,2,3,5,3,10,4,0,2,1,0,0,1,1,0,0,1,1,1,0,1,1
"1256",890,43,0,1,15,0,0,3,0,1,1,0,-0.635999999999999,3,3,3,6,2,1,6,3,1,1,1,1,1,1,0,0,1,1,0,1,0,1
"1257",891,43,1,0,17,0,0,2,1,0,1,1,2.771,2,3,3,6,3,8,1,0,0,1,0,0,0,1,0,0,0,1,1,1,0,1
"1258",892,43,0,0,17,0,0,2,1,0,0,0,2.6165,2,2,4,6,2,7,3,0,1,0,0,0,1,0,0,0,0,1,1,1,1,1
"1259",893,43,0,0,17,0,0,3,1,1,1,1,3.5175,2,1,1,1,2,9,12,0,1,0,1,0,0,0,1,0,0,1,1,1,0,0
"1260",894,43,1,0,15,1,0,3,1,1,1,0,-0.118499999999999,3,3,4,6,3,9,2,1,1,1,1,1,0,1,1,0,0,1,1,1,1,1
"1261",895,43,0,1,16,1,1,3,0,1,0,0,0.92,1,3,3,6,3,9,6,0,0,0,0,0,0,0,0,0,0,1,1,1,1,0
"1262",896,43,0,1,16,0,0,2,1,1,0,1,1.4205,4,4,3,5,4,8,8,2,0,0,1,0,0,0,0,0,0,1,1,1,0,1
"1263",897,43,0,1,16,0,0,3,1,1,0,0,-0.856499999999999,1,3,3,5,3,7,2,0,3,0,0,0,1,0,0,0,1,0,1,1,1,1
"1264",898,43,0,0,17,0,0,2,0,0,1,0,-0.693499999999998,3,4,3,1,3,7,9,0,1,0,0,0,1,0,0,0,1,0,0,0,1,0
"1265",899,43,1,1,16,0,0,2,1,0,1,1,2.674,4,3,3,4,2,6,4,0,3,1,0,0,1,0,0,0,1,0,0,0,1,1
"1266",900,43,1,0,16,1,1,4,1,1,1,1,0.9945,4,2,4,4,2,8,6,0,0,0,0,0,0,0,0,0,0,1,1,1,1,1
"1267",901,43,1,1,15,0,0,2,1,1,1,1,1.7495,3,3,3,5,3,4,1,1,0,1,0,0,1,1,0,0,1,1,0,0,1,0
"1268",902,43,1,1,15,0,0,2,1,1,0,1,4.296,2,3,3,6,3,11,4,2,0,1,0,1,0,1,0,0,0,1,1,0,0,1
"1269",903,43,1,1,17,0,0,2,1,1,1,0,1.658,2,2,2,3,5,11,7,0,0,1,0,0,0,0,0,0,0,1,1,1,1,0
"1270",904,43,0,0,17,1,0,3,0,0,0,0,0.928500000000001,2,3,4,5,3,8,2,0,2,0,0,0,1,0,0,0,1,1,0,1,1,0
"1271",905,43,1,0,16,0,0,1,1,1,1,0,-1.1025,3,2,3,6,3,9,6,3,1,1,1,0,1,1,0,0,1,1,1,1,0,1
"1272",906,43,1,1,17,1,0,4,1,1,1,0,0.986000000000001,1,2,2,5,4,6,6,1,0,0,1,1,0,0,0,0,0,1,0,0,0,1
"1273",907,43,0,0,15,0,0,2,1,0,1,1,2.496,3,3,4,5,3,7,1,0,2,1,0,0,1,1,0,0,1,0,1,1,1,1
"1274",908,43,1,1,17,1,0,4,1,1,1,0,0.765500000000001,2,2,2,4,1,7,1,0,0,1,0,0,0,1,0,0,0,0,1,1,1,1
"1275",909,43,0,1,16,0,0,4,1,1,0,0,-1.5775,1,2,3,5,2,14,7,0,0,0,0,0,0,0,0,0,0,1,1,1,1,0
"1276",910,43,1,0,15,1,0,2,0,0,1,1,1.724,2,2,4,3,2,12,6,0,1,0,0,1,0,0,0,1,0,1,1,0,1,0
"1277",911,44,0,1,17,1,1,2,1,0,0,1,2.328,4,2,2,4,2,5,1,2,1,0,1,1,0,0,0,0,0,0,1,1,1,1
"1278",912,44,0,0,16,0,0,2,0,1,0,1,2.216,3,3,2,4,2,6,10,0,2,0,1,0,0,0,1,0,0,1,1,1,0,0
"1279",913,44,1,0,17,1,0,4,0,0,1,1,2.625,4,2,2,3,2,6,8,1,1,1,1,0,0,1,1,0,0,1,0,1,0,0
"1280",914,44,1,1,16,1,0,4,1,0,1,0,1.5665,4,1,2,3,2,6,6,0,1,0,1,0,0,0,1,0,0,1,1,1,0,1
"1281",915,44,0,1,18,0,0,2,1,1,0,0,3.8125,2,1,2,5,2,7,6,0,1,0,0,1,0,0,0,1,0,1,1,1,1,0
"1282",916,44,1,0,17,0,0,2,0,1,0,0,2.216,2,3,3,5,2,11,5,1,1,1,1,0,1,1,1,0,0,1,1,1,1,1
"1283",917,44,0,0,16,0,0,2,1,1,1,0,-0.276,1,2,3,5,3,1,2,1,1,0,0,1,1,0,0,0,1,1,1,1,1,0
"1284",918,44,0,1,15,1,0,4,0,1,0,0,2.199,1,4,4,6,5,8,8,5,0,1,1,1,1,0,0,0,0,1,0,1,0,1
"1285",919,44,1,1,17,0,0,2,0,1,0,0,4.939,2,2,3,5,3,2,2,1,1,1,1,1,0,1,1,0,0,1,1,1,0,1
"1286",920,44,1,1,16,0,0,3,1,1,1,1,2.1415,1,3,4,5,3,8,11,0,0,1,0,0,0,1,0,0,0,1,1,1,0,1
"1287",921,44,0,1,16,1,1,4,1,1,0,0,-0.693499999999998,1,2,3,6,2,2,7,1,1,0,0,0,1,0,0,0,1,0,0,1,1,0
"1288",922,44,1,1,17,0,0,1,1,1,0,1,-1.3315,2,1,3,6,2,7,3,0,0,0,0,0,0,0,0,0,0,1,1,1,1,0
"1289",923,44,1,0,15,0,0,3,0,0,1,0,3.8295,1,1,2,4,1,2,5,0,2,0,0,1,1,0,0,1,1,1,1,0,0,1
"1290",924,44,0,1,16,1,1,2,0,0,0,1,1.166,2,3,3,3,4,7,7,1,2,0,1,0,1,0,0,0,1,1,1,1,0,0
"1291",925,44,0,0,15,0,0,1,0,0,1,1,-0.847999999999999,2,1,2,4,3,10,11,0,2,0,0,1,0,0,0,1,0,1,1,0,1,1
"1292",926,44,1,1,16,0,0,2,0,1,1,1,4.296,3,3,2,4,3,1,5,3,1,1,1,1,1,1,0,0,1,1,0,1,0,1
"1293",927,44,1,0,17,0,0,1,1,0,1,0,3.8295,2,3,3,5,2,6,8,0,2,1,1,1,0,1,1,1,0,1,1,1,0,1
"1294",928,44,0,0,17,0,0,3,0,1,0,1,1.6495,4,2,4,3,3,8,9,1,0,0,0,0,1,0,0,0,0,1,1,1,1,0
"1295",929,44,1,0,16,0,0,3,1,0,1,1,-2.5275,1,2,2,4,3,9,11,0,0,0,0,0,0,0,0,0,0,0,1,0,1,0
"1296",930,44,0,0,15,0,0,1,1,0,0,1,0.265000000000001,2,2,3,5,3,9,3,0,1,0,0,0,1,0,0,0,0,1,1,0,1,1
"1297",931,44,0,0,15,0,0,2,1,1,1,0,1.3865,1,3,4,6,3,1,1,0,0,1,0,0,0,1,0,0,0,0,1,1,1,0
"1298",932,44,1,1,16,1,1,2,0,0,1,1,1.97,2,2,2,4,3,9,12,0,0,0,0,0,0,0,0,0,0,1,1,0,0,1
"1299",933,44,0,0,16,1,0,4,1,1,1,0,1.363,1,3,4,6,5,10,5,0,0,1,0,0,0,1,0,0,0,1,1,1,1,1
"1300",934,44,1,0,18,0,0,2,1,1,0,0,3.7005,2,2,3,5,2,9,10,0,1,0,1,0,0,0,1,0,0,1,1,1,0,0
"1301",935,44,0,1,16,0,0,2,1,0,1,0,0.92,1,2,2,3,3,3,5,0,0,1,0,0,0,1,0,0,0,1,1,1,1,1
"1302",936,44,0,1,18,0,0,4,1,1,0,0,-0.693499999999998,2,2,2,3,4,7,5,0,0,0,0,0,0,0,0,0,0,0,0,0,1,0
"1303",937,44,1,1,17,0,0,4,1,1,0,1,1.4205,1,2,3,6,2,7,9,0,1,0,1,0,0,0,1,0,0,0,0,1,0,0
"1304",938,44,1,0,17,0,0,2,1,0,1,0,0.765500000000001,2,2,2,3,2,6,8,0,1,0,0,0,1,0,0,0,1,0,1,0,1,0
"1305",939,44,0,1,17,0,0,2,0,1,0,0,0.265000000000001,2,3,4,4,2,9,8,0,0,0,0,0,0,0,0,0,0,1,1,1,0,0
"1306",940,44,1,1,15,0,0,3,1,1,0,0,-1.323,1,2,3,5,3,6,4,0,1,1,0,1,0,1,0,1,0,1,1,0,0,1
"1307",941,45,1,0,16,1,0,1,0,1,1,1,3.0455,3,3,3,6,3,10,7,0,0,0,0,0,0,0,0,0,0,1,1,0,1,1
"1308",942,45,0,1,17,1,0,2,1,0,1,1,2.199,1,3,3,5,3,10,10,0,0,1,0,0,0,1,0,0,0,1,1,0,0,0
"1309",943,45,1,1,18,1,1,1,1,0,0,1,1.461,3,3,3,3,3,9,10,0,1,0,0,1,0,0,0,1,0,1,1,0,0,1
"1310",944,45,1,0,18,0,0,3,1,1,0,1,3.5175,4,2,3,4,2,8,7,0,0,1,0,0,0,1,0,0,0,1,1,0,1,0
"1311",945,45,1,0,16,1,0,4,0,1,0,0,-0.193,3,2,3,4,3,8,7,0,1,1,1,0,0,1,1,0,0,1,1,1,0,1
"1312",946,45,0,1,16,0,0,2,1,1,1,1,3.5175,3,2,2,3,1,1,1,0,1,1,0,1,0,0,0,1,0,0,0,0,0,0
"1313",947,45,0,1,18,1,1,2,1,1,0,0,-2.373,1,3,4,6,3,5,6,0,0,0,0,0,0,0,0,0,0,1,1,1,1,0
"1314",948,45,0,1,15,0,0,4,1,1,0,0,-0.241999999999999,1,2,3,4,3,7,2,1,0,1,0,0,0,0,0,0,0,1,1,1,1,0
"1315",949,45,0,1,16,1,1,2,1,1,1,0,-0.693499999999998,3,3,4,6,3,7,6,1,0,0,0,1,0,0,0,0,0,1,1,1,1,1
"1316",950,45,1,1,16,0,0,3,1,1,1,0,4.2555,4,2,4,3,2,6,5,0,0,1,0,0,0,1,0,0,0,1,1,0,0,1
"1317",951,45,0,0,15,1,1,2,1,1,0,0,2.6995,1,3,4,6,2,6,4,0,0,0,0,0,0,0,0,0,0,1,1,1,0,0
"1318",952,45,1,0,15,0,0,2,0,1,1,0,1.1575,3,2,4,5,2,7,6,0,0,0,0,0,0,0,0,0,0,1,1,1,1,1
"1319",953,45,1,1,17,1,1,3,0,1,0,0,-1.586,1,3,4,6,3,7,1,0,0,0,0,0,0,0,0,0,0,1,0,0,0,1
"1320",954,45,1,0,16,0,0,2,0,0,1,1,2.8795,3,2,2,5,3,10,7,0,0,0,0,0,0,0,0,0,0,1,0,1,0,0
"1321",955,45,0,1,18,1,0,3,1,1,0,0,3.8295,2,3,2,4,3,7,8,0,0,0,0,0,0,0,0,0,0,0,1,1,0,0
"1322",956,45,1,0,17,0,0,2,1,0,1,1,0.0274999999999999,3,2,1,1,3,4,6,0,0,1,0,0,0,1,0,0,0,0,0,1,0,0
"1323",957,45,1,0,17,0,0,3,1,1,1,0,-0.619,2,2,3,5,3,9,8,1,1,1,0,0,1,0,0,0,1,1,1,0,1,1
"1324",958,45,0,0,15,0,0,1,0,1,1,1,3.28,4,3,3,4,2,5,2,0,1,1,1,0,0,1,1,0,0,1,0,1,0,0
"1325",959,45,1,1,18,0,0,2,1,1,1,1,1.841,4,2,3,6,3,6,9,3,0,0,1,0,1,0,0,0,0,1,1,1,1,0
"1326",960,45,0,0,17,0,0,4,0,0,0,0,-0.1845,1,2,2,3,3,3,7,1,1,1,1,0,1,0,0,0,1,0,1,1,1,0
"1327",961,45,0,1,17,0,0,2,1,0,0,1,3.509,2,2,3,4,3,10,7,1,1,0,0,1,1,0,0,1,0,1,1,1,1,0
"1328",962,45,0,0,17,0,0,2,1,0,0,0,-1.323,4,2,3,3,1,7,4,1,0,0,0,0,1,0,0,0,0,0,1,1,1,0
"1329",963,45,0,1,19,1,1,4,0,1,0,0,1.2405,4,3,4,4,2,8,8,1,2,0,1,1,1,0,0,0,1,1,0,1,0,1
"1330",964,45,1,1,18,0,0,2,0,1,0,0,0.765500000000001,2,2,2,4,5,9,11,0,0,0,0,0,0,0,0,0,0,1,0,0,0,0
"1331",965,45,0,0,16,0,0,2,1,1,1,1,3.7005,1,3,4,6,2,6,3,0,0,0,0,0,0,0,0,0,0,0,1,1,1,0
"1332",966,45,0,1,17,1,1,3,1,1,0,1,1.1285,2,4,2,4,4,10,9,0,0,0,0,0,0,0,0,0,0,1,0,1,0,1
"1333",967,45,1,1,15,1,0,1,0,0,1,1,3.7005,3,1,2,3,3,5,3,0,1,0,0,1,0,0,0,1,0,1,1,1,0,0
"1334",968,45,1,1,16,0,0,4,1,1,0,0,0.1905,1,2,3,6,3,7,3,3,0,0,1,1,0,0,0,0,0,1,1,1,0,1
"1335",969,45,0,1,17,0,0,1,1,0,1,1,2.0755,1,3,3,4,3,7,4,0,0,1,0,0,0,1,0,0,0,1,1,1,0,0
"1336",970,45,1,1,17,1,0,4,0,1,1,1,3.28,1,3,3,4,4,4,6,1,1,1,1,1,0,0,1,0,0,1,1,1,1,1
"1337",971,46,1,1,18,1,1,3,1,1,1,1,0.708,2,3,3,6,4,10,6,0,0,0,0,0,0,0,0,0,0,1,1,1,0,1
"1338",972,46,1,1,18,1,1,2,0,1,0,0,-2.307,2,2,4,4,4,9,9,0,0,0,0,0,0,0,0,0,0,1,1,1,1,0
"1339",973,46,1,1,15,1,1,4,0,1,1,0,1.658,2,2,3,3,3,7,9,1,1,0,0,1,1,0,0,0,1,1,1,1,1,1
"1340",974,46,0,1,14,1,1,4,0,1,0,0,1.4205,1,2,3,6,2,8,5,0,0,0,0,0,0,0,0,0,0,1,1,0,1,1
"1341",975,46,0,1,16,1,1,2,1,0,1,0,5.185,2,2,2,4,1,1,1,1,1,1,0,1,0,1,0,1,0,1,1,1,0,1
"1342",976,46,0,0,16,1,0,2,0,1,0,1,2.2245,3,1,3,4,3,7,1,1,1,0,0,0,1,0,0,0,1,1,1,1,1,0
"1343",977,46,0,0,15,0,0,2,0,1,1,1,-1.5775,2,2,4,6,3,9,8,0,0,1,0,0,0,1,0,0,0,1,1,1,0,0
"1344",978,46,1,1,18,0,0,3,0,1,0,1,1.953,4,2,3,1,3,10,7,0,1,0,1,0,0,0,1,0,0,1,1,1,1,1
"1345",979,46,0,1,18,0,0,4,1,1,1,1,-0.276,2,3,4,5,4,4,13,0,0,0,0,0,0,0,0,0,0,1,1,0,1,0
"1346",980,46,0,1,16,0,0,3,1,1,0,1,5.426,2,1,1,3,3,6,5,0,1,0,0,1,0,0,0,1,0,0,0,1,1,0
"1347",981,46,0,0,16,1,1,2,1,1,0,1,0.7315,3,3,3,6,3,10,12,0,2,0,1,1,0,0,1,1,0,1,0,1,0,1
"1348",982,46,1,1,17,0,0,3,1,1,1,0,-1.3485,3,2,2,4,4,7,3,1,0,1,0,0,1,0,0,0,1,0,0,0,1,0
"1349",983,46,1,0,16,0,0,2,1,1,0,0,-0.635999999999999,2,1,3,6,2,6,3,0,0,0,0,0,0,0,0,0,0,1,1,1,0,1
"1350",984,46,1,1,17,0,0,3,1,1,1,0,4.8965,1,3,3,6,2,6,4,2,1,1,1,0,1,1,0,0,1,1,0,1,0,0
"1351",985,46,0,0,17,1,1,3,0,0,1,1,2.3705,3,3,3,6,3,7,9,1,1,0,0,1,1,0,0,1,0,1,0,1,0,1
"1352",986,46,0,0,16,1,0,3,1,1,0,1,-1.16,2,3,4,6,3,7,11,0,2,0,1,0,0,0,1,0,0,1,1,1,1,0
"1353",987,46,1,0,16,1,1,4,1,1,1,0,-0.685,1,3,3,6,3,8,4,0,0,1,0,0,0,1,0,0,0,1,1,1,1,1
"1354",988,46,1,0,16,1,0,1,1,0,1,1,2.788,3,3,3,4,3,8,8,0,1,0,1,0,0,0,1,0,0,1,1,0,0,1
"1355",989,46,1,0,17,0,0,2,1,1,0,0,2.216,2,2,3,5,2,6,2,1,0,1,0,0,1,1,0,0,0,1,1,0,0,1
"1356",990,46,0,1,17,0,0,4,1,1,1,1,4.476,4,1,4,5,2,6,4,0,0,0,0,0,0,0,0,0,0,1,1,1,1,1
"1357",991,46,0,1,16,0,0,4,0,1,0,0,0.5365,1,2,3,4,2,8,7,0,0,1,0,0,0,1,0,0,0,0,0,0,0,0
"1358",992,46,1,0,18,0,0,2,1,1,1,1,1.8325,4,2,4,6,2,6,2,1,0,0,0,1,0,0,0,0,0,0,1,1,1,0
"1359",993,46,1,0,17,0,0,2,1,0,1,0,1.363,4,2,2,4,3,9,3,0,0,1,0,0,0,1,0,0,0,1,1,0,0,0
"1360",994,46,1,0,15,1,0,2,1,0,1,1,2.3705,2,4,3,6,3,6,2,1,1,0,0,1,1,0,0,0,1,1,0,0,1,1
"1361",995,46,0,0,16,0,0,3,1,0,1,1,4.2385,4,1,1,3,4,9,10,1,1,0,1,0,1,0,0,0,1,1,1,1,1,0
"1362",996,46,0,1,16,0,0,4,1,1,1,0,0.1275,4,3,4,3,2,8,9,1,0,1,0,1,0,1,0,0,0,1,1,1,0,1
"1363",997,46,1,1,17,1,0,4,0,0,1,1,0.339500000000001,2,2,2,4,2,5,4,2,0,1,1,1,0,1,0,0,0,1,1,1,0,1
"1364",998,46,1,0,16,0,0,2,1,0,1,0,0.5365,2,3,3,4,3,9,7,1,0,1,0,0,1,1,0,0,0,0,1,1,1,1
"1365",999,46,0,1,15,0,0,4,1,0,1,1,3.28,3,1,3,4,2,6,2,0,0,0,0,0,0,0,0,0,0,1,1,1,1,0
"1366",1000,46,0,1,17,0,0,4,1,1,1,1,5.085,3,2,3,6,1,1,4,0,0,0,0,0,0,0,0,0,0,1,1,1,1,0
